"CodeID","ParameterID","Description","icons"
"yes_Align-01","Align-01","yes","#e03a3a"
"no_Align-01","Align-01","no","#b3b3b3"
"?_Align-01","Align-01","?",
"UNCODED_Align-01","Align-01","UNCODED",
"ERROR_Align-01","Align-01","ERROR",
"yes_Align-02","Align-02","yes","#e03a3a"
"no_Align-02","Align-02","no","#b3b3b3"
"?_Align-02","Align-02","?",
"UNCODED_Align-02","Align-02","UNCODED",
"ERROR_Align-02","Align-02","ERROR",
"yes_Align-03","Align-03","yes","#e03a3a"
"no_Align-03","Align-03","no","#b3b3b3"
"?_Align-03","Align-03","?",
"UNCODED_Align-03","Align-03","UNCODED",
"ERROR_Align-03","Align-03","ERROR",
"yes_Align-04","Align-04","yes","#e03a3a"
"no_Align-04","Align-04","no","#b3b3b3"
"?_Align-04","Align-04","?",
"UNCODED_Align-04","Align-04","UNCODED",
"ERROR_Align-04","Align-04","ERROR",
"NA_Align-05","Align-05","NA",
"yes_Align-05","Align-05","yes","#e03a3a"
"no_Align-05","Align-05","no","#b3b3b3"
"?_Align-05","Align-05","?",
"UNCODED_Align-05","Align-05","UNCODED",
"ERROR_Align-05","Align-05","ERROR",
"NA_Align-06","Align-06","NA",
"yes_Align-06","Align-06","yes","#e03a3a"
"no_Align-06","Align-06","no","#b3b3b3"
"?_Align-06","Align-06","?",
"UNCODED_Align-06","Align-06","UNCODED",
"ERROR_Align-06","Align-06","ERROR",
"NA_Align-07","Align-07","NA",
"yes_Align-07","Align-07","yes","#e03a3a"
"no_Align-07","Align-07","no","#b3b3b3"
"?_Align-07","Align-07","?",
"UNCODED_Align-07","Align-07","UNCODED",
"ERROR_Align-07","Align-07","ERROR",
"yes_Align-08","Align-08","yes","#e03a3a"
"no_Align-08","Align-08","no","#b3b3b3"
"?_Align-08","Align-08","?",
"UNCODED_Align-08","Align-08","UNCODED",
"ERROR_Align-08","Align-08","ERROR",
"NA_Align-09","Align-09","NA",
"yes_Align-09","Align-09","yes","#e03a3a"
"no_Align-09","Align-09","no","#b3b3b3"
"?_Align-09","Align-09","?",
"UNCODED_Align-09","Align-09","UNCODED",
"ERROR_Align-09","Align-09","ERROR",
"no-marking_Align-10","Align-10","no marking","#f2cb00"
"accusative_Align-10","Align-10","accusative","#1c76d8"
"ergative_Align-10","Align-10","ergative","#e6403d"
"overt-neutral_Align-10","Align-10","overt neutral","#0d9f7f"
"tripartite_Align-10","Align-10","tripartite","#35fc00"
"horizontal_Align-10","Align-10","horizontal","#514069"
"sensitive_Align-10","Align-10","sensitive","#e740b3"
"?_Align-10","Align-10","?",
"UNCODED_Align-10","Align-10","UNCODED",
"ERROR_Align-10","Align-10","ERROR",
"no-marking_Align-11","Align-11","no marking","#f0c800"
"accusative_Align-11","Align-11","accusative","#1673d5"
"ergative_Align-11","Align-11","ergative","#da3535"
"overt-neutral_Align-11","Align-11","overt neutral","#0da17e"
"tripartite_Align-11","Align-11","tripartite","#1cfe00"
"horizontal_Align-11","Align-11","horizontal","#5c4072"
"sensitive_Align-11","Align-11","sensitive","#e33dad"
"?_Align-11","Align-11","?",
"UNCODED_Align-11","Align-11","UNCODED",
"ERROR_Align-11","Align-11","ERROR",
"no-marking_Align-12","Align-12","no marking","#f5c800"
"accusative_Align-12","Align-12","accusative","#0d72d3"
"ergative_Align-12","Align-12","ergative","#e03b35"
"overt-neutral_Align-12","Align-12","overt neutral","#35a482"
"tripartite_Align-12","Align-12","tripartite","#22fc0d"
"horizontal_Align-12","Align-12","horizontal","#604066"
"sensitive_Align-12","Align-12","sensitive","#e33dad"
"?_Align-12","Align-12","?",
"UNCODED_Align-12","Align-12","UNCODED",
"ERROR_Align-12","Align-12","ERROR",
"no-marking_Align-13","Align-13","no marking","#f4cb22"
"accusative_Align-13","Align-13","accusative","#0d70d4"
"ergative_Align-13","Align-13","ergative","#de353b"
"overt-neutral_Align-13","Align-13","overt neutral","#2aa683"
"tripartite_Align-13","Align-13","tripartite","#2efe00"
"horizontal_Align-13","Align-13","horizontal","#5d3b6d"
"sensitive_Align-13","Align-13","sensitive","#e238ad"
"NA_Align-13","Align-13","NA",
"?_Align-13","Align-13","?",
"UNCODED_Align-13","Align-13","UNCODED",
"ERROR_Align-13","Align-13","ERROR",
"no-marking_Align-14","Align-14","no marking","#f2c816"
"accusative_Align-14","Align-14","accusative","#1672d2"
"ergative_Align-14","Align-14","ergative","#e5423b"
"overt-neutral_Align-14","Align-14","overt neutral","#16a37f"
"tripartite_Align-14","Align-14","tripartite","#2afe0d"
"horizontal_Align-14","Align-14","horizontal","#5a4065"
"sensitive_Align-14","Align-14","sensitive","#e642b1"
"NA_Align-14","Align-14","NA",
"?_Align-14","Align-14","?",
"UNCODED_Align-14","Align-14","UNCODED",
"ERROR_Align-14","Align-14","ERROR",
"no-marking_Align-15","Align-15","no marking","#f3cd22"
"accusative_Align-15","Align-15","accusative","#0d71d2"
"ergative_Align-15","Align-15","ergative","#de383b"
"overt-neutral_Align-15","Align-15","overt neutral","#1ca282"
"tripartite_Align-15","Align-15","tripartite","#22fe0d"
"horizontal_Align-15","Align-15","horizontal","#5d3d68"
"sensitive_Align-15","Align-15","sensitive","#e540af"
"NA_Align-15","Align-15","NA",
"?_Align-15","Align-15","?",
"UNCODED_Align-15","Align-15","UNCODED",
"ERROR_Align-15","Align-15","ERROR",
"no-marking_Align-16","Align-16","no marking","#f0c716"
"accusative_Align-16","Align-16","accusative","#0070cf"
"ergative_Align-16","Align-16","ergative","#e94242"
"overt-neutral_Align-16","Align-16","overt neutral","#0da885"
"tripartite_Align-16","Align-16","tripartite","#00fb16"
"horizontal_Align-16","Align-16","horizontal","#60406a"
"sensitive_Align-16","Align-16","sensitive","#e038ad"
"NA_Align-16","Align-16","NA",
"?_Align-16","Align-16","?",
"UNCODED_Align-16","Align-16","UNCODED",
"ERROR_Align-16","Align-16","ERROR",
"no-marking_Align-17","Align-17","no marking","#f2c80d"
"accusative_Align-17","Align-17","accusative","#166dd0"
"ergative_Align-17","Align-17","ergative","#e2383d"
"overt-neutral_Align-17","Align-17","overt neutral","#32a582"
"tripartite_Align-17","Align-17","tripartite","#49ff1c"
"horizontal_Align-17","Align-17","horizontal","#5f3d65"
"sensitive_Align-17","Align-17","sensitive","#de38ab"
"NA_Align-17","Align-17","NA",
"?_Align-17","Align-17","?",
"UNCODED_Align-17","Align-17","UNCODED",
"ERROR_Align-17","Align-17","ERROR",
"no-marking_Align-18","Align-18","no marking","#f4ce0d"
"accusative_Align-18","Align-18","accusative","#0072d0"
"ergative_Align-18","Align-18","ergative","#df3b3b"
"overt-neutral_Align-18","Align-18","overt neutral","#22a681"
"tripartite_Align-18","Align-18","tripartite","#1cfd2a"
"horizontal_Align-18","Align-18","horizontal","#5a4071"
"sensitive_Align-18","Align-18","sensitive","#e540b0"
"NA_Align-18","Align-18","NA",
"?_Align-18","Align-18","?",
"UNCODED_Align-18","Align-18","UNCODED",
"ERROR_Align-18","Align-18","ERROR",
"yes_Appr-01","Appr-01","yes","#e03a3a"
"no_Appr-01","Appr-01","no","#b3b3b3"
"?_Appr-01","Appr-01","?",
"UNCODED_Appr-01","Appr-01","UNCODED",
"ERROR_Appr-01","Appr-01","ERROR",
"yes_Appr-02","Appr-02","yes","#e03a3a"
"no_Appr-02","Appr-02","no","#b3b3b3"
"NA_Appr-02","Appr-02","NA",
"?_Appr-02","Appr-02","?",
"UNCODED_Appr-02","Appr-02","UNCODED",
"ERROR_Appr-02","Appr-02","ERROR",
"NA_Appr-03","Appr-03","NA",
"1_Appr-03","Appr-03","1","#0d6fd1"
"2_Appr-03","Appr-03","2","#e03a3a"
"3_Appr-03","Appr-03","3","#462255"
"?_Appr-03","Appr-03","?",
"UNCODED_Appr-03","Appr-03","UNCODED",
"ERROR_Appr-03","Appr-03","ERROR",
"threat-only_Appr-04","Appr-04","threat only","#e03a3a"
"warning-only_Appr-04","Appr-04","warning only","#462255"
"any_Appr-04","Appr-04","any","#0d6fd1"
"NA_Appr-04","Appr-04","NA",
"?_Appr-04","Appr-04","?",
"UNCODED_Appr-04","Appr-04","UNCODED",
"ERROR_Appr-04","Appr-04","ERROR",
"no_Appr-05","Appr-05","no","#e03a3a"
"direct-control_Appr-05","Appr-05","direct control","#0d6fd1"
"other_Appr-05","Appr-05","other","#462255"
"NA_Appr-05","Appr-05","NA",
"?_Appr-05","Appr-05","?",
"UNCODED_Appr-05","Appr-05","UNCODED",
"ERROR_Appr-05","Appr-05","ERROR",
"yes_Appr-06","Appr-06","yes","#e03a3a"
"no_Appr-06","Appr-06","no","#b3b3b3"
"NA_Appr-06","Appr-06","NA",
"?_Appr-06","Appr-06","?",
"UNCODED_Appr-06","Appr-06","UNCODED",
"ERROR_Appr-06","Appr-06","ERROR",
"yes_Appr-07","Appr-07","yes","#e03a3a"
"no_Appr-07","Appr-07","no","#b3b3b3"
"NA_Appr-07","Appr-07","NA",
"?_Appr-07","Appr-07","?",
"UNCODED_Appr-07","Appr-07","UNCODED",
"ERROR_Appr-07","Appr-07","ERROR",
"yes_Appr-08","Appr-08","yes","#e03a3a"
"no_Appr-08","Appr-08","no","#b3b3b3"
"NA_Appr-08","Appr-08","NA",
"?_Appr-08","Appr-08","?",
"UNCODED_Appr-08","Appr-08","UNCODED",
"ERROR_Appr-08","Appr-08","ERROR",
"yes_Appr-09","Appr-09","yes","#e03a3a"
"no_Appr-09","Appr-09","no","#b3b3b3"
"NA_Appr-09","Appr-09","NA",
"?_Appr-09","Appr-09","?",
"UNCODED_Appr-09","Appr-09","UNCODED",
"ERROR_Appr-09","Appr-09","ERROR",
"yes_Appr-10","Appr-10","yes","#e03a3a"
"no_Appr-10","Appr-10","no","#b3b3b3"
"NA_Appr-10","Appr-10","NA",
"?_Appr-10","Appr-10","?",
"UNCODED_Appr-10","Appr-10","UNCODED",
"ERROR_Appr-10","Appr-10","ERROR",
"yes_Appr-11","Appr-11","yes","#e03a3a"
"no_Appr-11","Appr-11","no","#b3b3b3"
"NA_Appr-11","Appr-11","NA",
"?_Appr-11","Appr-11","?",
"UNCODED_Appr-11","Appr-11","UNCODED",
"ERROR_Appr-11","Appr-11","ERROR",
"NA_Appr-12","Appr-12","NA",
"a_Appr-12","Appr-12","a","#006ed1"
"f_Appr-12","Appr-12","f","#ffb4b0"
"a-f_Appr-12","Appr-12","a & f","#d7322e"
"p_Appr-12","Appr-12","p","#e9a1fe"
"a-p_Appr-12","Appr-12","a & p","#e840b3"
"f-p_Appr-12","Appr-12","f & p","#b5ee7e"
"a-f-p_Appr-12","Appr-12","a & f & p","#564269"
"t_Appr-12","Appr-12","t","#f99235"
"a-t_Appr-12","Appr-12","a & t","#cd22fd"
"f-t_Appr-12","Appr-12","f & t","#0dd8fc"
"a-f-t_Appr-12","Appr-12","a & f & t","#1ca182"
"p-t_Appr-12","Appr-12","p & t","#dbe2f1"
"a-p-t_Appr-12","Appr-12","a & p & t","#16fd0d"
"f-p-t_Appr-12","Appr-12","f & p & t","#6a6200"
"a-f-p-t_Appr-12","Appr-12","a & f & p & t","#efca00"
"?_Appr-12","Appr-12","?",
"UNCODED_Appr-12","Appr-12","UNCODED",
"ERROR_Appr-12","Appr-12","ERROR",
"1_Appr-12a","Appr-12a","1","#2817a6"
"2_Appr-12a","Appr-12a","2","#2467a5"
"3_Appr-12a","Appr-12a","3","#21b8a4"
"?_Appr-12a","Appr-12a","?",
"UNCODED_Appr-12a","Appr-12a","UNCODED",
"ERROR_Appr-12a","Appr-12a","ERROR",
"NA_Appr-12b","Appr-12b","NA",
"a_Appr-12b","Appr-12b","a","#0d6fd1"
"p_Appr-12b","Appr-12b","p","#462255"
"t_Appr-12b","Appr-12b","t","#f0c808"
"f_Appr-12b","Appr-12b","f","#e03a3a"
"?_Appr-12b","Appr-12b","?",
"UNCODED_Appr-12b","Appr-12b","UNCODED",
"ERROR_Appr-12b","Appr-12b","ERROR",
"adjective_Attr-01","Attr-01","adjective","#0d6fd1"
"noun_Attr-01","Attr-01","noun","#f0c808"
"modifier_Attr-01","Attr-01","modifier","#462255"
"bound_Attr-01","Attr-01","bound","#e03a3a"
"verb-rel-pr_Attr-01","Attr-01","verb-rel.pr","#e33bae"
"verb_Attr-01","Attr-01","verb","#1fa380"
"NA_Attr-01","Attr-01","NA",
"?_Attr-01","Attr-01","?",
"UNCODED_Attr-01","Attr-01","UNCODED",
"ERROR_Attr-01","Attr-01","ERROR",
"noun_Attr-01a","Attr-01a","noun","#e03a3a"
"verb_Attr-01a","Attr-01a","verb","#462255"
"modifying-pos_Attr-01a","Attr-01a","modifying pos","#0d6fd1"
"NA_Attr-01a","Attr-01a","NA",
"?_Attr-01a","Attr-01a","?",
"UNCODED_Attr-01a","Attr-01a","UNCODED",
"ERROR_Attr-01a","Attr-01a","ERROR",
"NA_Attr-02","Attr-02","NA",
"open_Attr-02","Attr-02","open","#e03a3a"
"open-but_Attr-02","Attr-02","open but","#462255"
"closed_Attr-02","Attr-02","closed","#0d6fd1"
"?_Attr-02","Attr-02","?",
"UNCODED_Attr-02","Attr-02","UNCODED",
"ERROR_Attr-02","Attr-02","ERROR",
"NA_Attr-03","Attr-03","NA",
"adj-n_Attr-03","Attr-03","adj-n","#0d6fd1"
"n-adj_Attr-03","Attr-03","n-adj","#e03a3a"
"no-dominant-order_Attr-03","Attr-03","no dominant order","#462255"
"?_Attr-03","Attr-03","?",
"UNCODED_Attr-03","Attr-03","UNCODED",
"ERROR_Attr-03","Attr-03","ERROR",
"NA_Attr-04","Attr-04","NA",
"adj-n_Attr-04","Attr-04","adj-n","#0d6fd1"
"n-adj_Attr-04","Attr-04","n-adj","#e03a3a"
"no-dominant-order_Attr-04","Attr-04","no dominant order","#462255"
"?_Attr-04","Attr-04","?",
"UNCODED_Attr-04","Attr-04","UNCODED",
"ERROR_Attr-04","Attr-04","ERROR",
"yes_CoPart-01","CoPart-01","yes","#e03a3a"
"no_CoPart-01","CoPart-01","no","#b3b3b3"
"?_CoPart-01","CoPart-01","?",
"UNCODED_CoPart-01","CoPart-01","UNCODED",
"ERROR_CoPart-01","CoPart-01","ERROR",
"1_Cor-01","Cor-01","1","#2817a6"
"2_Cor-01","Cor-01","2","#2467a5"
"3_Cor-01","Cor-01","3","#21b8a4"
"?_Cor-01","Cor-01","?",
"UNCODED_Cor-01","Cor-01","UNCODED",
"ERROR_Cor-01","Cor-01","ERROR",
"1_Cor-01a","Cor-01a","1","#0d6fd1"
"more-than-1_Cor-01a","Cor-01a","more than 1","#e03a3a"
"?_Cor-01a","Cor-01a","?",
"UNCODED_Cor-01a","Cor-01a","UNCODED",
"ERROR_Cor-01a","Cor-01a","ERROR",
"up-to-2_Cor-01b","Cor-01b","up to 2","#e03a3a"
"more-than-2_Cor-01b","Cor-01b","more than 2","#0d6fd1"
"?_Cor-01b","Cor-01b","?",
"UNCODED_Cor-01b","Cor-01b","UNCODED",
"ERROR_Cor-01b","Cor-01b","ERROR",
"0_Cor-02","Cor-02","0","#000080"
"1_Cor-02","Cor-02","1","#002f9f"
"2_Cor-02","Cor-02","2","#005fbf"
"3_Cor-02","Cor-02","3","#008fdf"
"4_Cor-02","Cor-02","4","#00bfff"
"?_Cor-02","Cor-02","?",
"UNCODED_Cor-02","Cor-02","UNCODED",
"ERROR_Cor-02","Cor-02","ERROR",
"no_Cor-02a","Cor-02a","no","#b3b3b3"
"yes_Cor-02a","Cor-02a","yes","#e03a3a"
"?_Cor-02a","Cor-02a","?",
"UNCODED_Cor-02a","Cor-02a","UNCODED",
"ERROR_Cor-02a","Cor-02a","ERROR",
"up-to-1_Cor-02b","Cor-02b","up to 1","#e03a3a"
"more-than-1_Cor-02b","Cor-02b","more than 1","#0d6fd1"
"?_Cor-02b","Cor-02b","?",
"UNCODED_Cor-02b","Cor-02b","UNCODED",
"ERROR_Cor-02b","Cor-02b","ERROR",
"up-to-2_Cor-02c","Cor-02c","up to 2","#e03a3a"
"more-than-2_Cor-02c","Cor-02c","more than 2","#0d6fd1"
"?_Cor-02c","Cor-02c","?",
"UNCODED_Cor-02c","Cor-02c","UNCODED",
"ERROR_Cor-02c","Cor-02c","ERROR",
"up-to-3_Cor-02d","Cor-02d","up to 3","#e03a3a"
"more-than-3_Cor-02d","Cor-02d","more than 3","#0d6fd1"
"?_Cor-02d","Cor-02d","?",
"UNCODED_Cor-02d","Cor-02d","UNCODED",
"ERROR_Cor-02d","Cor-02d","ERROR",
"0_Cor-03","Cor-03","0","#2817a6"
"1_Cor-03","Cor-03","1","#254ca5"
"2_Cor-03","Cor-03","2","#2382a4"
"3_Cor-03","Cor-03","3","#21b8a4"
"?_Cor-03","Cor-03","?",
"UNCODED_Cor-03","Cor-03","UNCODED",
"ERROR_Cor-03","Cor-03","ERROR",
"no_Cor-03a","Cor-03a","no","#b3b3b3"
"yes_Cor-03a","Cor-03a","yes","#e03a3a"
"?_Cor-03a","Cor-03a","?",
"UNCODED_Cor-03a","Cor-03a","UNCODED",
"ERROR_Cor-03a","Cor-03a","ERROR",
"up-to-1_Cor-03b","Cor-03b","up to 1","#e03a3a"
"more-than-1_Cor-03b","Cor-03b","more than 1","#0d6fd1"
"?_Cor-03b","Cor-03b","?",
"UNCODED_Cor-03b","Cor-03b","UNCODED",
"ERROR_Cor-03b","Cor-03b","ERROR",
"up-to-2_Cor-03c","Cor-03c","up to 2","#e03a3a"
"more-than-2_Cor-03c","Cor-03c","more than 2","#0d6fd1"
"?_Cor-03c","Cor-03c","?",
"UNCODED_Cor-03c","Cor-03c","UNCODED",
"ERROR_Cor-03c","Cor-03c","ERROR",
"yes_Cor-04","Cor-04","yes","#e03a3a"
"no_Cor-04","Cor-04","no","#b3b3b3"
"?_Cor-04","Cor-04","?",
"UNCODED_Cor-04","Cor-04","UNCODED",
"ERROR_Cor-04","Cor-04","ERROR",
"yes_Cor-05","Cor-05","yes","#e03a3a"
"no_Cor-05","Cor-05","no","#b3b3b3"
"?_Cor-05","Cor-05","?",
"UNCODED_Cor-05","Cor-05","UNCODED",
"ERROR_Cor-05","Cor-05","ERROR",
"yes_Cor-06","Cor-06","yes","#e03a3a"
"no_Cor-06","Cor-06","no","#b3b3b3"
"?_Cor-06","Cor-06","?",
"UNCODED_Cor-06","Cor-06","UNCODED",
"ERROR_Cor-06","Cor-06","ERROR",
"yes_Cor-07","Cor-07","yes","#e03a3a"
"no_Cor-07","Cor-07","no","#b3b3b3"
"?_Cor-07","Cor-07","?",
"UNCODED_Cor-07","Cor-07","UNCODED",
"ERROR_Cor-07","Cor-07","ERROR",
"yes_Cor-08","Cor-08","yes","#e03a3a"
"no_Cor-08","Cor-08","no","#b3b3b3"
"NA_Cor-08","Cor-08","NA",
"?_Cor-08","Cor-08","?",
"UNCODED_Cor-08","Cor-08","UNCODED",
"ERROR_Cor-08","Cor-08","ERROR",
"yes_Cor-09","Cor-09","yes","#e03a3a"
"no_Cor-09","Cor-09","no","#b3b3b3"
"NA_Cor-09","Cor-09","NA",
"?_Cor-09","Cor-09","?",
"UNCODED_Cor-09","Cor-09","UNCODED",
"ERROR_Cor-09","Cor-09","ERROR",
"yes_Dem-01","Dem-01","yes","#e03a3a"
"no_Dem-01","Dem-01","no","#b3b3b3"
"?_Dem-01","Dem-01","?",
"UNCODED_Dem-01","Dem-01","UNCODED",
"ERROR_Dem-01","Dem-01","ERROR",
"0_Dem-02","Dem-02","0","#000080"
"2_Dem-02","Dem-02","2","#001f95"
"3_Dem-02","Dem-02","3","#003faa"
"4_Dem-02","Dem-02","4","#005fbf"
"5_Dem-02","Dem-02","5","#007fd4"
"6_Dem-02","Dem-02","6","#009fe9"
"9_Dem-02","Dem-02","9","#00bfff"
"?_Dem-02","Dem-02","?",
"UNCODED_Dem-02","Dem-02","UNCODED",
"ERROR_Dem-02","Dem-02","ERROR",
"yes_Dem-02a","Dem-02a","yes","#e03a3a"
"no_Dem-02a","Dem-02a","no","#b3b3b3"
"?_Dem-02a","Dem-02a","?",
"UNCODED_Dem-02a","Dem-02a","UNCODED",
"ERROR_Dem-02a","Dem-02a","ERROR",
"2_Dem-02b","Dem-02b","2","#0d6fd1"
"more-than-2_Dem-02b","Dem-02b","more than 2","#e03a3a"
"NA_Dem-02b","Dem-02b","NA",
"?_Dem-02b","Dem-02b","?",
"UNCODED_Dem-02b","Dem-02b","UNCODED",
"ERROR_Dem-02b","Dem-02b","ERROR",
"up-to-3_Dem-02c","Dem-02c","up to 3","#e03a3a"
"more-than-3_Dem-02c","Dem-02c","more than 3","#0d6fd1"
"NA_Dem-02c","Dem-02c","NA",
"?_Dem-02c","Dem-02c","?",
"UNCODED_Dem-02c","Dem-02c","UNCODED",
"ERROR_Dem-02c","Dem-02c","ERROR",
"up-to-4_Dem-02d","Dem-02d","up to 4","#e03a3a"
"more-than-4_Dem-02d","Dem-02d","more than 4","#0d6fd1"
"NA_Dem-02d","Dem-02d","NA",
"?_Dem-02d","Dem-02d","?",
"UNCODED_Dem-02d","Dem-02d","UNCODED",
"ERROR_Dem-02d","Dem-02d","ERROR",
"yes_Dem-03","Dem-03","yes","#e03a3a"
"no_Dem-03","Dem-03","no","#b3b3b3"
"?_Dem-03","Dem-03","?",
"UNCODED_Dem-03","Dem-03","UNCODED",
"ERROR_Dem-03","Dem-03","ERROR",
"yes_Dem-04","Dem-04","yes","#e03a3a"
"no_Dem-04","Dem-04","no","#b3b3b3"
"?_Dem-04","Dem-04","?",
"UNCODED_Dem-04","Dem-04","UNCODED",
"ERROR_Dem-04","Dem-04","ERROR",
"yes_Dem-05","Dem-05","yes","#e03a3a"
"no_Dem-05","Dem-05","no","#b3b3b3"
"?_Dem-05","Dem-05","?",
"UNCODED_Dem-05","Dem-05","UNCODED",
"ERROR_Dem-05","Dem-05","ERROR",
"yes_Dem-06","Dem-06","yes","#e03a3a"
"no_Dem-06","Dem-06","no","#b3b3b3"
"?_Dem-06","Dem-06","?",
"UNCODED_Dem-06","Dem-06","UNCODED",
"ERROR_Dem-06","Dem-06","ERROR",
"yes_Dem-07","Dem-07","yes","#e03a3a"
"no_Dem-07","Dem-07","no","#b3b3b3"
"?_Dem-07","Dem-07","?",
"UNCODED_Dem-07","Dem-07","UNCODED",
"ERROR_Dem-07","Dem-07","ERROR",
"yes_Dem-08","Dem-08","yes","#e03a3a"
"no_Dem-08","Dem-08","no","#b3b3b3"
"NA_Dem-08","Dem-08","NA",
"?_Dem-08","Dem-08","?",
"UNCODED_Dem-08","Dem-08","UNCODED",
"ERROR_Dem-08","Dem-08","ERROR",
"no_Gend-01","Gend-01","no","#b3b3b3"
"yes_Gend-01","Gend-01","yes","#e03a3a"
"?_Gend-01","Gend-01","?",
"UNCODED_Gend-01","Gend-01","UNCODED",
"ERROR_Gend-01","Gend-01","ERROR",
"no_Gend-02","Gend-02","no","#b3b3b3"
"yes_Gend-02","Gend-02","yes","#e03a3a"
"NA_Gend-02","Gend-02","NA",
"?_Gend-02","Gend-02","?",
"UNCODED_Gend-02","Gend-02","UNCODED",
"ERROR_Gend-02","Gend-02","ERROR",
"speaker_Gend-03","Gend-03","speaker","#f0c808"
"addressee_Gend-03","Gend-03","addressee","#0d6fd1"
"both_Gend-03","Gend-03","both","#e03a3a"
"mixed_Gend-03","Gend-03","mixed","#462255"
"NA_Gend-03","Gend-03","NA",
"?_Gend-03","Gend-03","?",
"UNCODED_Gend-03","Gend-03","UNCODED",
"ERROR_Gend-03","Gend-03","ERROR",
"no_Gend-04","Gend-04","no","#b3b3b3"
"yes_Gend-04","Gend-04","yes","#e03a3a"
"NA_Gend-04","Gend-04","NA",
"?_Gend-04","Gend-04","?",
"UNCODED_Gend-04","Gend-04","UNCODED",
"ERROR_Gend-04","Gend-04","ERROR",
"speaker_Gend-05","Gend-05","speaker","#f0c808"
"addressee_Gend-05","Gend-05","addressee","#0d6fd1"
"both_Gend-05","Gend-05","both","#e03a3a"
"mixed_Gend-05","Gend-05","mixed","#462255"
"NA_Gend-05","Gend-05","NA",
"?_Gend-05","Gend-05","?",
"UNCODED_Gend-05","Gend-05","UNCODED",
"ERROR_Gend-05","Gend-05","ERROR",
"no_Gend-06","Gend-06","no","#e03a3a"
"non-exclusively_Gend-06","Gend-06","non exclusively","#462255"
"exclusively_Gend-06","Gend-06","exclusively","#0d6fd1"
"NA_Gend-06","Gend-06","NA",
"?_Gend-06","Gend-06","?",
"UNCODED_Gend-06","Gend-06","UNCODED",
"ERROR_Gend-06","Gend-06","ERROR",
"no_Gend-07","Gend-07","no","#b3b3b3"
"yes_Gend-07","Gend-07","yes","#e03a3a"
"NA_Gend-07","Gend-07","NA",
"?_Gend-07","Gend-07","?",
"UNCODED_Gend-07","Gend-07","UNCODED",
"ERROR_Gend-07","Gend-07","ERROR",
"1-5_Gend-08","Gend-08","1-5","#0d6fd1"
"6-20_Gend-08","Gend-08","6-20","#462255"
"21-and-more_Gend-08","Gend-08","21 and more","#e03a3a"
"NA_Gend-08","Gend-08","NA",
"?_Gend-08","Gend-08","?",
"UNCODED_Gend-08","Gend-08","UNCODED",
"ERROR_Gend-08","Gend-08","ERROR",
"speaker_Gend-09","Gend-09","speaker","#f0c808"
"addressee_Gend-09","Gend-09","addressee","#0d6fd1"
"both_Gend-09","Gend-09","both","#e03a3a"
"mixed_Gend-09","Gend-09","mixed","#462255"
"NA_Gend-09","Gend-09","NA",
"?_Gend-09","Gend-09","?",
"UNCODED_Gend-09","Gend-09","UNCODED",
"ERROR_Gend-09","Gend-09","ERROR",
"no_Gend-10","Gend-10","no","#e03a3a"
"non-exclusively_Gend-10","Gend-10","non exclusively","#462255"
"exclusively_Gend-10","Gend-10","exclusively","#0d6fd1"
"NA_Gend-10","Gend-10","NA",
"?_Gend-10","Gend-10","?",
"UNCODED_Gend-10","Gend-10","UNCODED",
"ERROR_Gend-10","Gend-10","ERROR",
"no_Gend-11","Gend-11","no","#e03a3a"
"non-exclusively_Gend-11","Gend-11","non exclusively","#462255"
"exclusively_Gend-11","Gend-11","exclusively","#0d6fd1"
"NA_Gend-11","Gend-11","NA",
"?_Gend-11","Gend-11","?",
"UNCODED_Gend-11","Gend-11","UNCODED",
"ERROR_Gend-11","Gend-11","ERROR",
"NA_Gend-12a","Gend-12a","NA",
"speaker_Gend-12a","Gend-12a","speaker","#f0c808"
"addressee_Gend-12a","Gend-12a","addressee","#0d6fd1"
"both_Gend-12a","Gend-12a","both","#e03a3a"
"mixed_Gend-12a","Gend-12a","mixed","#462255"
"?_Gend-12a","Gend-12a","?",
"UNCODED_Gend-12a","Gend-12a","UNCODED",
"ERROR_Gend-12a","Gend-12a","ERROR",
"yes_Glot-01","Glot-01","yes","#e03a3a"
"no_Glot-01","Glot-01","no","#b3b3b3"
"?_Glot-01","Glot-01","?",
"UNCODED_Glot-01","Glot-01","UNCODED",
"ERROR_Glot-01","Glot-01","ERROR",
"yes_Glot-01a","Glot-01a","yes","#e03a3a"
"no_Glot-01a","Glot-01a","no","#b3b3b3"
"?_Glot-01a","Glot-01a","?",
"UNCODED_Glot-01a","Glot-01a","UNCODED",
"ERROR_Glot-01a","Glot-01a","ERROR",
"yes_Glot-02","Glot-02","yes","#e03a3a"
"no_Glot-02","Glot-02","no","#b3b3b3"
"?_Glot-02","Glot-02","?",
"UNCODED_Glot-02","Glot-02","UNCODED",
"ERROR_Glot-02","Glot-02","ERROR",
"yes_Glot-03","Glot-03","yes","#e03a3a"
"no_Glot-03","Glot-03","no","#b3b3b3"
"?_Glot-03","Glot-03","?",
"UNCODED_Glot-03","Glot-03","UNCODED",
"ERROR_Glot-03","Glot-03","ERROR",
"yes_Glot-03a","Glot-03a","yes","#e03a3a"
"no_Glot-03a","Glot-03a","no","#b3b3b3"
"NA_Glot-03a","Glot-03a","NA",
"?_Glot-03a","Glot-03a","?",
"UNCODED_Glot-03a","Glot-03a","UNCODED",
"ERROR_Glot-03a","Glot-03a","ERROR",
"yes_Glot-04","Glot-04","yes","#e03a3a"
"no_Glot-04","Glot-04","no","#b3b3b3"
"?_Glot-04","Glot-04","?",
"UNCODED_Glot-04","Glot-04","UNCODED",
"ERROR_Glot-04","Glot-04","ERROR",
"yes_Glot-04a","Glot-04a","yes","#e03a3a"
"no_Glot-04a","Glot-04a","no","#b3b3b3"
"?_Glot-04a","Glot-04a","?",
"UNCODED_Glot-04a","Glot-04a","UNCODED",
"ERROR_Glot-04a","Glot-04a","ERROR",
"yes_Glot-04b","Glot-04b","yes","#e03a3a"
"no_Glot-04b","Glot-04b","no","#b3b3b3"
"NA_Glot-04b","Glot-04b","NA",
"?_Glot-04b","Glot-04b","?",
"UNCODED_Glot-04b","Glot-04b","UNCODED",
"ERROR_Glot-04b","Glot-04b","ERROR",
"yes_Glot-05","Glot-05","yes","#e03a3a"
"no_Glot-05","Glot-05","no","#b3b3b3"
"?_Glot-05","Glot-05","?",
"UNCODED_Glot-05","Glot-05","UNCODED",
"ERROR_Glot-05","Glot-05","ERROR",
"yes_Glot-05a","Glot-05a","yes","#e03a3a"
"no_Glot-05a","Glot-05a","no","#b3b3b3"
"NA_Glot-05a","Glot-05a","NA",
"?_Glot-05a","Glot-05a","?",
"UNCODED_Glot-05a","Glot-05a","UNCODED",
"ERROR_Glot-05a","Glot-05a","ERROR",
"yes_Glot-06","Glot-06","yes","#e03a3a"
"no_Glot-06","Glot-06","no","#b3b3b3"
"?_Glot-06","Glot-06","?",
"UNCODED_Glot-06","Glot-06","UNCODED",
"ERROR_Glot-06","Glot-06","ERROR",
"yes_Glot-06a","Glot-06a","yes","#e03a3a"
"no_Glot-06a","Glot-06a","no","#b3b3b3"
"NA_Glot-06a","Glot-06a","NA",
"?_Glot-06a","Glot-06a","?",
"UNCODED_Glot-06a","Glot-06a","UNCODED",
"ERROR_Glot-06a","Glot-06a","ERROR",
"laterals-or-glides_Lat-01","Lat-01","laterals or glides","#0d6fd1"
"rhotic_Lat-01","Lat-01","rhotic","#1fa380"
"n-or-d_Lat-01","Lat-01","n or d","#e03a3a"
"n-or-d-and-rhotic_Lat-01","Lat-01","n or d and rhotic","#462255"
"no_Lat-01","Lat-01","no","#f0c808"
"?_Lat-01","Lat-01","?",
"UNCODED_Lat-01","Lat-01","UNCODED",
"ERROR_Lat-01","Lat-01","ERROR",
"yes_Lat-01a","Lat-01a","yes","#e03a3a"
"no_Lat-01a","Lat-01a","no","#b3b3b3"
"?_Lat-01a","Lat-01a","?",
"UNCODED_Lat-01a","Lat-01a","UNCODED",
"ERROR_Lat-01a","Lat-01a","ERROR",
"yes_Lat-01b","Lat-01b","yes","#e03a3a"
"no_Lat-01b","Lat-01b","no","#b3b3b3"
"?_Lat-01b","Lat-01b","?",
"UNCODED_Lat-01b","Lat-01b","UNCODED",
"ERROR_Lat-01b","Lat-01b","ERROR",
"laterals-or-glides_Lat-01c","Lat-01c","laterals or glides","#0d6fd1"
"rhotic_Lat-01c","Lat-01c","rhotic","#462255"
"n-or-d_Lat-01c","Lat-01c","n or d","#e03a3a"
"NA_Lat-01c","Lat-01c","NA",
"?_Lat-01c","Lat-01c","?",
"UNCODED_Lat-01c","Lat-01c","UNCODED",
"ERROR_Lat-01c","Lat-01c","ERROR",
"yes_Lat-02","Lat-02","yes","#e03a3a"
"no_Lat-02","Lat-02","no","#b3b3b3"
"?_Lat-02","Lat-02","?",
"UNCODED_Lat-02","Lat-02","UNCODED",
"ERROR_Lat-02","Lat-02","ERROR",
"yes_Lat-02a","Lat-02a","yes","#e03a3a"
"no_Lat-02a","Lat-02a","no","#b3b3b3"
"?_Lat-02a","Lat-02a","?",
"UNCODED_Lat-02a","Lat-02a","UNCODED",
"ERROR_Lat-02a","Lat-02a","ERROR",
"fricative_Lat-02b","Lat-02b","fricative","#0d6fd1"
"voiceless-approximant_Lat-02b","Lat-02b","voiceless-approximant","#e03a3a"
"NA_Lat-02b","Lat-02b","NA",
"?_Lat-02b","Lat-02b","?",
"UNCODED_Lat-02b","Lat-02b","UNCODED",
"ERROR_Lat-02b","Lat-02b","ERROR",
"yes_Lat-03","Lat-03","yes","#e03a3a"
"no_Lat-03","Lat-03","no","#b3b3b3"
"?_Lat-03","Lat-03","?",
"UNCODED_Lat-03","Lat-03","UNCODED",
"ERROR_Lat-03","Lat-03","ERROR",
"yes_Lat-04","Lat-04","yes","#e03a3a"
"no_Lat-04","Lat-04","no","#b3b3b3"
"?_Lat-04","Lat-04","?",
"UNCODED_Lat-04","Lat-04","UNCODED",
"ERROR_Lat-04","Lat-04","ERROR",
"yes_Lat-04a","Lat-04a","yes","#e03a3a"
"no_Lat-04a","Lat-04a","no","#b3b3b3"
"?_Lat-04a","Lat-04a","?",
"UNCODED_Lat-04a","Lat-04a","UNCODED",
"ERROR_Lat-04a","Lat-04a","ERROR",
"yes_Lat-04b","Lat-04b","yes","#e03a3a"
"no_Lat-04b","Lat-04b","no","#b3b3b3"
"NA_Lat-04b","Lat-04b","NA",
"?_Lat-04b","Lat-04b","?",
"UNCODED_Lat-04b","Lat-04b","UNCODED",
"ERROR_Lat-04b","Lat-04b","ERROR",
"yes_Lat-05","Lat-05","yes","#e03a3a"
"no_Lat-05","Lat-05","no","#b3b3b3"
"?_Lat-05","Lat-05","?",
"UNCODED_Lat-05","Lat-05","UNCODED",
"ERROR_Lat-05","Lat-05","ERROR",
"yes_Lat-05a","Lat-05a","yes","#e03a3a"
"no_Lat-05a","Lat-05a","no","#b3b3b3"
"NA_Lat-05a","Lat-05a","NA",
"?_Lat-05a","Lat-05a","?",
"UNCODED_Lat-05a","Lat-05a","UNCODED",
"ERROR_Lat-05a","Lat-05a","ERROR",
"yes_Lat-06","Lat-06","yes","#e03a3a"
"no_Lat-06","Lat-06","no","#b3b3b3"
"?_Lat-06","Lat-06","?",
"UNCODED_Lat-06","Lat-06","UNCODED",
"ERROR_Lat-06","Lat-06","ERROR",
"yes_MonPl-01","MonPl-01","yes","#e03a3a"
"no_MonPl-01","MonPl-01","no","#b3b3b3"
"?_MonPl-01","MonPl-01","?",
"UNCODED_MonPl-01","MonPl-01","UNCODED",
"ERROR_MonPl-01","MonPl-01","ERROR",
"yes_MonPl-02","MonPl-02","yes","#e03a3a"
"no_MonPl-02","MonPl-02","no","#b3b3b3"
"NA_MonPl-02","MonPl-02","NA",
"?_MonPl-02","MonPl-02","?",
"UNCODED_MonPl-02","MonPl-02","UNCODED",
"ERROR_MonPl-02","MonPl-02","ERROR",
"s_MonPl-03","MonPl-03","s","#f0c808"
"a_MonPl-03","MonPl-03","a","#0d6fd1"
"p_MonPl-03","MonPl-03","p","#462255"
"no_MonPl-03","MonPl-03","no","#e03a3a"
"NA_MonPl-03","MonPl-03","NA",
"?_MonPl-03","MonPl-03","?",
"UNCODED_MonPl-03","MonPl-03","UNCODED",
"ERROR_MonPl-03","MonPl-03","ERROR",
"yes_MonPl-03a","MonPl-03a","yes","#e03a3a"
"no_MonPl-03a","MonPl-03a","no","#b3b3b3"
"NA_MonPl-03a","MonPl-03a","NA",
"?_MonPl-03a","MonPl-03a","?",
"UNCODED_MonPl-03a","MonPl-03a","UNCODED",
"ERROR_MonPl-03a","MonPl-03a","ERROR",
"yes_MonPl-03b","MonPl-03b","yes","#e03a3a"
"no_MonPl-03b","MonPl-03b","no","#b3b3b3"
"NA_MonPl-03b","MonPl-03b","NA",
"?_MonPl-03b","MonPl-03b","?",
"UNCODED_MonPl-03b","MonPl-03b","UNCODED",
"ERROR_MonPl-03b","MonPl-03b","ERROR",
"yes_MonPl-03c","MonPl-03c","yes","#e03a3a"
"no_MonPl-03c","MonPl-03c","no","#b3b3b3"
"NA_MonPl-03c","MonPl-03c","NA",
"?_MonPl-03c","MonPl-03c","?",
"UNCODED_MonPl-03c","MonPl-03c","UNCODED",
"ERROR_MonPl-03c","MonPl-03c","ERROR",
"yes_MonPl-04","MonPl-04","yes","#e03a3a"
"no_MonPl-04","MonPl-04","no","#b3b3b3"
"NA_MonPl-04","MonPl-04","NA",
"?_MonPl-04","MonPl-04","?",
"UNCODED_MonPl-04","MonPl-04","UNCODED",
"ERROR_MonPl-04","MonPl-04","ERROR",
"yes_MonPl-05","MonPl-05","yes","#e03a3a"
"no_MonPl-05","MonPl-05","no","#b3b3b3"
"NA_MonPl-05","MonPl-05","NA",
"?_MonPl-05","MonPl-05","?",
"UNCODED_MonPl-05","MonPl-05","UNCODED",
"ERROR_MonPl-05","MonPl-05","ERROR",
"NA_MonPl-06","MonPl-06","NA",
"sa_MonPl-06","MonPl-06","sa","#0d6fd1"
"sp_MonPl-06","MonPl-06","sp","#462255"
"sap_MonPl-06","MonPl-06","sap","#e03a3a"
"?_MonPl-06","MonPl-06","?",
"UNCODED_MonPl-06","MonPl-06","UNCODED",
"ERROR_MonPl-06","MonPl-06","ERROR",
"yes_MonPl-06a","MonPl-06a","yes","#e03a3a"
"no_MonPl-06a","MonPl-06a","no","#b3b3b3"
"NA_MonPl-06a","MonPl-06a","NA",
"?_MonPl-06a","MonPl-06a","?",
"UNCODED_MonPl-06a","MonPl-06a","UNCODED",
"ERROR_MonPl-06a","MonPl-06a","ERROR",
"yes_MonPl-06b","MonPl-06b","yes","#e03a3a"
"no_MonPl-06b","MonPl-06b","no","#b3b3b3"
"NA_MonPl-06b","MonPl-06b","NA",
"?_MonPl-06b","MonPl-06b","?",
"UNCODED_MonPl-06b","MonPl-06b","UNCODED",
"ERROR_MonPl-06b","MonPl-06b","ERROR",
"yes_MonPl-06c","MonPl-06c","yes","#e03a3a"
"no_MonPl-06c","MonPl-06c","no","#b3b3b3"
"NA_MonPl-06c","MonPl-06c","NA",
"?_MonPl-06c","MonPl-06c","?",
"UNCODED_MonPl-06c","MonPl-06c","UNCODED",
"ERROR_MonPl-06c","MonPl-06c","ERROR",
"NA_MonPl-07","MonPl-07","NA",
"s-a-p-noun_MonPl-07","MonPl-07","sap & noun","#b5780d"
"s-a-p_MonPl-07","MonPl-07","sap","#6c16a1"
"s-a-p-e-adjective-noun_MonPl-07","MonPl-07","sape & adjective & noun","#a27578"
"s_MonPl-07","MonPl-07","s","#d200fb"
"a_MonPl-07","MonPl-07","a","#226cd0"
"p_MonPl-07","MonPl-07","p","#65406d"
"s-p_MonPl-07","MonPl-07","sp","#f70d00"
"s-a_MonPl-07","MonPl-07","sa","#e5e0eb"
"s-p-noun_MonPl-07","MonPl-07","sp & noun","#1c4788"
"s-a-pronoun-subordinate-clause_MonPl-07","MonPl-07","sa & pronoun & subordinate clause","#167286"
"s-a-p-e_MonPl-07","MonPl-07","sape","#45810d"
"s-a-p-e-noun_MonPl-07","MonPl-07","sape & noun","#b50db6"
"s-a-adjective-noun_MonPl-07","MonPl-07","sa & adjective & noun","#fc8d0d"
"s-p-e-adjective-noun_MonPl-07","MonPl-07","spe & adjective & noun","#e0eb16"
"s-a-noun_MonPl-07","MonPl-07","sa & noun","#952a0d"
"s-a-demonstrative-noun-pronoun_MonPl-07","MonPl-07","sa & demonstrative & noun & pronoun","#16fca4"
"s-a-p-noun-pronoun_MonPl-07","MonPl-07","sap & noun & pronoun","#1cfcee"
"p-adposition-demonstrative-noun-pronoun_MonPl-07","MonPl-07","p & adposition & demonstrative & noun & pronoun","#efc81c"
"s-a-p-demonstrative-noun-pronoun_MonPl-07","MonPl-07","sap & demonstrative & noun & pronoun","#fa9bd2"
"s-p-e_MonPl-07","MonPl-07","spe","#00b31c"
"s-a-p-pronoun_MonPl-07","MonPl-07","sap & pronoun","#fd6a8e"
"s-noun_MonPl-07","MonPl-07","s & noun","#736926"
"s-a-e-adverb-noun-pronoun_MonPl-07","MonPl-07","sae & adverb & noun & pronoun","#f9dda8"
"s-e-noun_MonPl-07","MonPl-07","se & noun","#7a8d7f"
"p-oblique_MonPl-07","MonPl-07","p & oblique","#de38aa"
"s-a-e_MonPl-07","MonPl-07","sae","#ff0096"
"p-e_MonPl-07","MonPl-07","pe","#00ff00"
"s-a-e-noun_MonPl-07","MonPl-07","sae & noun","#b3c0fc"
"s-p-noun-pronoun_MonPl-07","MonPl-07","sp & noun & pronoun","#86d1d4"
"s-adjective_MonPl-07","MonPl-07","s & adjective","#fea6a0"
"s-a-demonstrative-noun_MonPl-07","MonPl-07","sa & demonstrative & noun","#6000ff"
"s-a-adjective_MonPl-07","MonPl-07","sa & adjective","#e79bfd"
"s-a-p-adposition-noun-numeral-particle-pronoun_MonPl-07","MonPl-07","sap & adposition & noun & numeral & particle & pronoun","#8a2258"
"s-p-adjective-noun_MonPl-07","MonPl-07","sp & adjective & noun","#9fa200"
"s-a-p-adjective-noun_MonPl-07","MonPl-07","sap & adjective & noun","#ff0de9"
"s-adjective-noun_MonPl-07","MonPl-07","s & adjective & noun","#35dafd"
"s-a-p-e-adjective-adposition-adverb-demonstrative-noun-numeral-oblique-particle-pronoun-subordinate-clause_MonPl-07","MonPl-07","sape & adjective & adposition & adverb & demonstrative & noun & numeral & oblique & particle & pronoun & subordinate clause","#c4edbd"
"s-demonstrative-noun-pronoun_MonPl-07","MonPl-07","s & demonstrative & noun & pronoun","#b0eb73"
"a-demonstrative-noun-pronoun_MonPl-07","MonPl-07","a & demonstrative & noun & pronoun","#df3238"
"p-demonstrative-noun-pronoun_MonPl-07","MonPl-07","p & demonstrative & noun & pronoun","#16a27f"
"s-e_MonPl-07","MonPl-07","se","#ae71ff"
"s-p-e-noun_MonPl-07","MonPl-07","spe & noun","#97f700"
"?_MonPl-07","MonPl-07","?",
"UNCODED_MonPl-07","MonPl-07","UNCODED",
"ERROR_MonPl-07","MonPl-07","ERROR",
"NA_MonPl-07a","MonPl-07a","NA",
"None_MonPl-07a","MonPl-07a","None","#0d6fd1"
"noun_MonPl-07a","MonPl-07a","noun","#f0c808"
"pronoun_MonPl-07a","MonPl-07a","pronoun","#e33bae"
"adjective_MonPl-07a","MonPl-07a","adjective","#e03a3a"
"demonstrative_MonPl-07a","MonPl-07a","demonstrative","#462255"
"other_MonPl-07a","MonPl-07a","other","#1fa380"
"?_MonPl-07a","MonPl-07a","?",
"UNCODED_MonPl-07a","MonPl-07a","UNCODED",
"ERROR_MonPl-07a","MonPl-07a","ERROR",
"NA_MonPl-07b","MonPl-07b","NA",
"s_MonPl-07b","MonPl-07b","s","#efc900"
"a_MonPl-07b","MonPl-07b","a","#1669cd"
"p_MonPl-07b","MonPl-07b","p","#584063"
"sa_MonPl-07b","MonPl-07b","sa","#2aa883"
"sp_MonPl-07b","MonPl-07b","sp","#2aff00"
"sap_MonPl-07b","MonPl-07b","sap","#e840b2"
"ap_MonPl-07b","MonPl-07b","ap","#d7322e"
"?_MonPl-07b","MonPl-07b","?",
"UNCODED_MonPl-07b","MonPl-07b","UNCODED",
"ERROR_MonPl-07b","MonPl-07b","ERROR",
"yes_MonPl-07c","MonPl-07c","yes","#e03a3a"
"no_MonPl-07c","MonPl-07c","no","#b3b3b3"
"NA_MonPl-07c","MonPl-07c","NA",
"?_MonPl-07c","MonPl-07c","?",
"UNCODED_MonPl-07c","MonPl-07c","UNCODED",
"ERROR_MonPl-07c","MonPl-07c","ERROR",
"Optionally-possessed_NounPoss-01","NounPoss-01","Optionally possessed","#462255"
"Obligatorily-possessed_NounPoss-01","NounPoss-01","Obligatorily possessed","#e03a3a"
"Non-possessible_NounPoss-01","NounPoss-01","Non-possessible","#0d6fd1"
"?_NounPoss-01","NounPoss-01","?",
"UNCODED_NounPoss-01","NounPoss-01","UNCODED",
"ERROR_NounPoss-01","NounPoss-01","ERROR",
"NULL_NounPoss-02","NounPoss-02","NULL","#1fa380"
"CLASS_NounPoss-02","NounPoss-02","CLASS","#0d6fd1"
"CLAUSE_NounPoss-02","NounPoss-02","CLAUSE","#e03a3a"
"MARKER_NounPoss-02","NounPoss-02","MARKER","#f0c808"
"JUXT_NounPoss-02","NounPoss-02","JUXT","#462255"
"?_NounPoss-02","NounPoss-02","?",
"UNCODED_NounPoss-02","NounPoss-02","UNCODED",
"ERROR_NounPoss-02","NounPoss-02","ERROR",
"Yes_NounPoss-03","NounPoss-03","Yes","#e03a3a"
"No_NounPoss-03","NounPoss-03","No","#0d6fd1"
"?_NounPoss-03","NounPoss-03","?",
"UNCODED_NounPoss-03","NounPoss-03","UNCODED",
"ERROR_NounPoss-03","NounPoss-03","ERROR",
"Obligatorily-possessed_NounPoss-04","NounPoss-04","Obligatorily possessed","#e03a3a"
"Optionally-possessed_NounPoss-04","NounPoss-04","Optionally possessed","#462255"
"Non-possessible_NounPoss-04","NounPoss-04","Non-possessible","#0d6fd1"
"NA_NounPoss-04","NounPoss-04","NA",
"?_NounPoss-04","NounPoss-04","?",
"UNCODED_NounPoss-04","NounPoss-04","UNCODED",
"ERROR_NounPoss-04","NounPoss-04","ERROR",
"Yes_NounPoss-05","NounPoss-05","Yes","#e03a3a"
"No_NounPoss-05","NounPoss-05","No","#0d6fd1"
"Yes-and-No_NounPoss-05","NounPoss-05","Yes and No","#462255"
"NA_NounPoss-05","NounPoss-05","NA",
"?_NounPoss-05","NounPoss-05","?",
"UNCODED_NounPoss-05","NounPoss-05","UNCODED",
"ERROR_NounPoss-05","NounPoss-05","ERROR",
"MARKER_NounPoss-06","NounPoss-06","MARKER","#0d6fd1"
"NULL_NounPoss-06","NounPoss-06","NULL","#e03a3a"
"NA_NounPoss-06","NounPoss-06","NA",
"?_NounPoss-06","NounPoss-06","?",
"UNCODED_NounPoss-06","NounPoss-06","UNCODED",
"ERROR_NounPoss-06","NounPoss-06","ERROR",
"SPECIAL-MARKER_NounPoss-07","NounPoss-07","SPECIAL MARKER","#462255"
"PERSON-MARKER_NounPoss-07","NounPoss-07","PERSON MARKER","#e03a3a"
"BOTH_NounPoss-07","NounPoss-07","BOTH","#0d6fd1"
"NA_NounPoss-07","NounPoss-07","NA",
"?_NounPoss-07","NounPoss-07","?",
"UNCODED_NounPoss-07","NounPoss-07","UNCODED",
"ERROR_NounPoss-07","NounPoss-07","ERROR",
"NA_NounPoss-08","NounPoss-08","NA",
"SPECIAL-MARKER_NounPoss-08","NounPoss-08","SPECIAL MARKER","#fba7a4"
"ARTICLE_NounPoss-08","NounPoss-08","ARTICLE","#ca0dfd"
"1SG_NounPoss-08","NounPoss-08","1SG","#62456d"
"1PL_NounPoss-08","NounPoss-08","1PL","#de3840"
"1INCL_NounPoss-08","NounPoss-08","1INCL","#006dcd"
"3_NounPoss-08","NounPoss-08","3","#f6cb1c"
"3SG_NounPoss-08","NounPoss-08","3SG","#e73db2"
"3SG-M_NounPoss-08","NounPoss-08","3SG.M","#3bfc0d"
"3-INAN_NounPoss-08","NounPoss-08","3.INAN",
"3-INDEF_NounPoss-08","NounPoss-08","3.INDEF","#22a17f"
"?_NounPoss-08","NounPoss-08","?",
"UNCODED_NounPoss-08","NounPoss-08","UNCODED",
"ERROR_NounPoss-08","NounPoss-08","ERROR",
"NULL_NounPoss-09","NounPoss-09","NULL","#1fa380"
"CLASS_NounPoss-09","NounPoss-09","CLASS","#0d6fd1"
"CLAUSE_NounPoss-09","NounPoss-09","CLAUSE","#e03a3a"
"MARKER_NounPoss-09","NounPoss-09","MARKER","#f0c808"
"JUXT_NounPoss-09","NounPoss-09","JUXT","#462255"
"NA_NounPoss-09","NounPoss-09","NA",
"?_NounPoss-09","NounPoss-09","?",
"UNCODED_NounPoss-09","NounPoss-09","UNCODED",
"ERROR_NounPoss-09","NounPoss-09","ERROR",
"Yes_NounPoss-10","NounPoss-10","Yes","#e03a3a"
"No_NounPoss-10","NounPoss-10","No","#0d6fd1"
"?_NounPoss-10","NounPoss-10","?",
"UNCODED_NounPoss-10","NounPoss-10","UNCODED",
"ERROR_NounPoss-10","NounPoss-10","ERROR",
"1_NounPoss-101","NounPoss-101","1","#000080"
"2_NounPoss-101","NounPoss-101","2","#002a9c"
"3_NounPoss-101","NounPoss-101","3","#003faa"
"4_NounPoss-101","NounPoss-101","4","#0054b8"
"5_NounPoss-101","NounPoss-101","5","#006ac6"
"6_NounPoss-101","NounPoss-101","6","#007fd4"
"7_NounPoss-101","NounPoss-101","7","#0094e2"
"8_NounPoss-101","NounPoss-101","8","#00a9f0"
"9_NounPoss-101","NounPoss-101","9","#00bfff"
"10_NounPoss-101","NounPoss-101","10","#00158e"
"?_NounPoss-101","NounPoss-101","?",
"UNCODED_NounPoss-101","NounPoss-101","UNCODED",
"ERROR_NounPoss-101","NounPoss-101","ERROR",
"yes_NounPoss-102","NounPoss-102","yes","#e03a3a"
"no_NounPoss-102","NounPoss-102","no","#b3b3b3"
"?_NounPoss-102","NounPoss-102","?",
"UNCODED_NounPoss-102","NounPoss-102","UNCODED",
"ERROR_NounPoss-102","NounPoss-102","ERROR",
"NA_NounPoss-102a","NounPoss-102a","NA",
"yes_NounPoss-102a","NounPoss-102a","yes","#e03a3a"
"no_NounPoss-102a","NounPoss-102a","no","#b3b3b3"
"?_NounPoss-102a","NounPoss-102a","?",
"UNCODED_NounPoss-102a","NounPoss-102a","UNCODED",
"ERROR_NounPoss-102a","NounPoss-102a","ERROR",
"NA_NounPoss-102b","NounPoss-102b","NA",
"CLAUSE_NounPoss-102b","NounPoss-102b","CLAUSE","#e03a3a"
"CLASS_NounPoss-102b","NounPoss-102b","CLASS","#0d6fd1"
"?_NounPoss-102b","NounPoss-102b","?",
"UNCODED_NounPoss-102b","NounPoss-102b","UNCODED",
"ERROR_NounPoss-102b","NounPoss-102b","ERROR",
"yes_NounPoss-103","NounPoss-103","yes","#e03a3a"
"no_NounPoss-103","NounPoss-103","no","#b3b3b3"
"?_NounPoss-103","NounPoss-103","?",
"UNCODED_NounPoss-103","NounPoss-103","UNCODED",
"ERROR_NounPoss-103","NounPoss-103","ERROR",
"NA_NounPoss-103a","NounPoss-103a","NA",
"JUXT_NounPoss-103a","NounPoss-103a","JUXT","#0d6fd1"
"LINKER_NounPoss-103a","NounPoss-103a","LINKER","#e03a3a"
"PSSD_NounPoss-103a","NounPoss-103a","PSSD","#f0c808"
"PSSR_NounPoss-103a","NounPoss-103a","PSSR","#1fa380"
"PSSR-PSSD_NounPoss-103a","NounPoss-103a","PSSR-PSSD","#e33bae"
"MARKER_NounPoss-103a","NounPoss-103a","MARKER","#462255"
"?_NounPoss-103a","NounPoss-103a","?",
"UNCODED_NounPoss-103a","NounPoss-103a","UNCODED",
"ERROR_NounPoss-103a","NounPoss-103a","ERROR",
"NA_NounPoss-103b","NounPoss-103b","NA",
"MARKER_NounPoss-103b","NounPoss-103b","MARKER","#0d6fd1"
"NULL_NounPoss-103b","NounPoss-103b","NULL","#e03a3a"
"?_NounPoss-103b","NounPoss-103b","?",
"UNCODED_NounPoss-103b","NounPoss-103b","UNCODED",
"ERROR_NounPoss-103b","NounPoss-103b","ERROR",
"yes_NounPoss-104","NounPoss-104","yes","#e03a3a"
"no_NounPoss-104","NounPoss-104","no","#b3b3b3"
"?_NounPoss-104","NounPoss-104","?",
"UNCODED_NounPoss-104","NounPoss-104","UNCODED",
"ERROR_NounPoss-104","NounPoss-104","ERROR",
"NA_NounPoss-104a","NounPoss-104a","NA",
"yes_NounPoss-104a","NounPoss-104a","yes","#e03a3a"
"no_NounPoss-104a","NounPoss-104a","no","#b3b3b3"
"?_NounPoss-104a","NounPoss-104a","?",
"UNCODED_NounPoss-104a","NounPoss-104a","UNCODED",
"ERROR_NounPoss-104a","NounPoss-104a","ERROR",
"NA_NounPoss-104a1","NounPoss-104a1","NA",
"yes_NounPoss-104a1","NounPoss-104a1","yes","#e03a3a"
"no_NounPoss-104a1","NounPoss-104a1","no","#b3b3b3"
"?_NounPoss-104a1","NounPoss-104a1","?",
"UNCODED_NounPoss-104a1","NounPoss-104a1","UNCODED",
"ERROR_NounPoss-104a1","NounPoss-104a1","ERROR",
"NA_NounPoss-104b","NounPoss-104b","NA",
"yes_NounPoss-104b","NounPoss-104b","yes","#e03a3a"
"no_NounPoss-104b","NounPoss-104b","no","#b3b3b3"
"?_NounPoss-104b","NounPoss-104b","?",
"UNCODED_NounPoss-104b","NounPoss-104b","UNCODED",
"ERROR_NounPoss-104b","NounPoss-104b","ERROR",
"NA_NounPoss-104b1","NounPoss-104b1","NA",
"yes_NounPoss-104b1","NounPoss-104b1","yes","#e03a3a"
"no_NounPoss-104b1","NounPoss-104b1","no","#b3b3b3"
"?_NounPoss-104b1","NounPoss-104b1","?",
"UNCODED_NounPoss-104b1","NounPoss-104b1","UNCODED",
"ERROR_NounPoss-104b1","NounPoss-104b1","ERROR",
"NA_NounPoss-104c","NounPoss-104c","NA",
"yes_NounPoss-104c","NounPoss-104c","yes","#e03a3a"
"no_NounPoss-104c","NounPoss-104c","no","#b3b3b3"
"?_NounPoss-104c","NounPoss-104c","?",
"UNCODED_NounPoss-104c","NounPoss-104c","UNCODED",
"ERROR_NounPoss-104c","NounPoss-104c","ERROR",
"NA_NounPoss-104d","NounPoss-104d","NA",
"yes_NounPoss-104d","NounPoss-104d","yes","#e03a3a"
"no_NounPoss-104d","NounPoss-104d","no","#b3b3b3"
"?_NounPoss-104d","NounPoss-104d","?",
"UNCODED_NounPoss-104d","NounPoss-104d","UNCODED",
"ERROR_NounPoss-104d","NounPoss-104d","ERROR",
"NA_NounPoss-104e","NounPoss-104e","NA",
"JUXT_NounPoss-104e","NounPoss-104e","JUXT","#e03a3a"
"MARKER_NounPoss-104e","NounPoss-104e","MARKER","#f0c808"
"LINKER_NounPoss-104e","NounPoss-104e","LINKER","#462255"
"INDIRECT_NounPoss-104e","NounPoss-104e","INDIRECT","#0d6fd1"
"?_NounPoss-104e","NounPoss-104e","?",
"UNCODED_NounPoss-104e","NounPoss-104e","UNCODED",
"ERROR_NounPoss-104e","NounPoss-104e","ERROR",
"NA_NounPoss-104f","NounPoss-104f","NA",
"PSSD_NounPoss-104f","NounPoss-104f","PSSD","#0d6fd1"
"PSSR_NounPoss-104f","NounPoss-104f","PSSR","#e03a3a"
"?_NounPoss-104f","NounPoss-104f","?",
"UNCODED_NounPoss-104f","NounPoss-104f","UNCODED",
"ERROR_NounPoss-104f","NounPoss-104f","ERROR",
"yes_NounPoss-105","NounPoss-105","yes","#e03a3a"
"no_NounPoss-105","NounPoss-105","no","#b3b3b3"
"?_NounPoss-105","NounPoss-105","?",
"UNCODED_NounPoss-105","NounPoss-105","UNCODED",
"ERROR_NounPoss-105","NounPoss-105","ERROR",
"NA_NounPoss-105a","NounPoss-105a","NA",
"yes_NounPoss-105a","NounPoss-105a","yes","#e03a3a"
"no_NounPoss-105a","NounPoss-105a","no","#b3b3b3"
"?_NounPoss-105a","NounPoss-105a","?",
"UNCODED_NounPoss-105a","NounPoss-105a","UNCODED",
"ERROR_NounPoss-105a","NounPoss-105a","ERROR",
"NA_NounPoss-105b","NounPoss-105b","NA",
"yes_NounPoss-105b","NounPoss-105b","yes","#e03a3a"
"no_NounPoss-105b","NounPoss-105b","no","#b3b3b3"
"?_NounPoss-105b","NounPoss-105b","?",
"UNCODED_NounPoss-105b","NounPoss-105b","UNCODED",
"ERROR_NounPoss-105b","NounPoss-105b","ERROR",
"NA_NounPoss-105c","NounPoss-105c","NA",
"yes_NounPoss-105c","NounPoss-105c","yes","#e03a3a"
"no_NounPoss-105c","NounPoss-105c","no","#b3b3b3"
"?_NounPoss-105c","NounPoss-105c","?",
"UNCODED_NounPoss-105c","NounPoss-105c","UNCODED",
"ERROR_NounPoss-105c","NounPoss-105c","ERROR",
"NA_NounPoss-105d","NounPoss-105d","NA",
"NULL_NounPoss-105d","NounPoss-105d","NULL","#f0c808"
"CLAUSE_NounPoss-105d","NounPoss-105d","CLAUSE","#e03a3a"
"CLASS_NounPoss-105d","NounPoss-105d","CLASS","#0d6fd1"
"DIRECT_NounPoss-105d","NounPoss-105d","DIRECT","#462255"
"?_NounPoss-105d","NounPoss-105d","?",
"UNCODED_NounPoss-105d","NounPoss-105d","UNCODED",
"ERROR_NounPoss-105d","NounPoss-105d","ERROR",
"DIRECT_NounPoss-106","NounPoss-106","DIRECT","#0d6fd1"
"INDIRECT_NounPoss-106","NounPoss-106","INDIRECT","#e03a3a"
"NA_NounPoss-106","NounPoss-106","NA",
"?_NounPoss-106","NounPoss-106","?",
"UNCODED_NounPoss-106","NounPoss-106","UNCODED",
"ERROR_NounPoss-106","NounPoss-106","ERROR",
"NA_NounPoss-106a","NounPoss-106a","NA",
"JUXT_NounPoss-106a","NounPoss-106a","JUXT","#0d6fd1"
"LINKER_NounPoss-106a","NounPoss-106a","LINKER","#e03a3a"
"MARKER_NounPoss-106a","NounPoss-106a","MARKER","#462255"
"PSSR_NounPoss-106a","NounPoss-106a","PSSR","#1fa380"
"PSSD_NounPoss-106a","NounPoss-106a","PSSD","#f0c808"
"PSSR-PSSD_NounPoss-106a","NounPoss-106a","PSSR-PSSD","#e33bae"
"?_NounPoss-106a","NounPoss-106a","?",
"UNCODED_NounPoss-106a","NounPoss-106a","UNCODED",
"ERROR_NounPoss-106a","NounPoss-106a","ERROR",
"NA_NounPoss-106b","NounPoss-106b","NA",
"CLAUSE_NounPoss-106b","NounPoss-106b","CLAUSE","#e03a3a"
"CLASS_NounPoss-106b","NounPoss-106b","CLASS","#0d6fd1"
"?_NounPoss-106b","NounPoss-106b","?",
"UNCODED_NounPoss-106b","NounPoss-106b","UNCODED",
"ERROR_NounPoss-106b","NounPoss-106b","ERROR",
"yes_NounPoss-107","NounPoss-107","yes","#e03a3a"
"no_NounPoss-107","NounPoss-107","no","#b3b3b3"
"?_NounPoss-107","NounPoss-107","?",
"UNCODED_NounPoss-107","NounPoss-107","UNCODED",
"ERROR_NounPoss-107","NounPoss-107","ERROR",
"NA_NounPoss-107a","NounPoss-107a","NA",
"default_NounPoss-107a","NounPoss-107a","default","#166ad0"
"inalienable_NounPoss-107a","NounPoss-107a","inalienable","#feb5b3"
"default-inalienable_NounPoss-107a","NounPoss-107a","default & inalienable","#de3835"
"mixed_NounPoss-107a","NounPoss-107a","mixed","#deddfa"
"default-mixed_NounPoss-107a","NounPoss-107a","default & mixed","#db35a7"
"inalienable-mixed_NounPoss-107a","NounPoss-107a","inalienable & mixed","#1cd9fe"
"default-inalienable-mixed_NounPoss-107a","NounPoss-107a","default & inalienable & mixed","#5a3d6e"
"non-possessible_NounPoss-107a","NounPoss-107a","non-possessible","#872a00"
"default-non-possessible_NounPoss-107a","NounPoss-107a","default & non-possessible","#ca00f8"
"inalienable-non-possessible_NounPoss-107a","NounPoss-107a","inalienable & non-possessible","#bff17f"
"default-inalienable-non-possessible_NounPoss-107a","NounPoss-107a","default & inalienable & non-possessible","#26a381"
"mixed-non-possessible_NounPoss-107a","NounPoss-107a","mixed & non-possessible","#ea9bff"
"default-mixed-non-possessible_NounPoss-107a","NounPoss-107a","default & mixed & non-possessible","#3bf900"
"inalienable-mixed-non-possessible_NounPoss-107a","NounPoss-107a","inalienable & mixed & non-possessible","#554b16"
"default-inalienable-mixed-non-possessible_NounPoss-107a","NounPoss-107a","default & inalienable & mixed & non-possessible","#f7ce22"
"?_NounPoss-107a","NounPoss-107a","?",
"UNCODED_NounPoss-107a","NounPoss-107a","UNCODED",
"ERROR_NounPoss-107a","NounPoss-107a","ERROR",
"NA_NounPoss-107d","NounPoss-107d","NA",
"PSSR_NounPoss-107d","NounPoss-107d","PSSR","#e03a3a"
"PSSD_NounPoss-107d","NounPoss-107d","PSSD","#0d6fd1"
"?_NounPoss-107d","NounPoss-107d","?",
"UNCODED_NounPoss-107d","NounPoss-107d","UNCODED",
"ERROR_NounPoss-107d","NounPoss-107d","ERROR",
"yes_NounPoss-108","NounPoss-108","yes","#e03a3a"
"no_NounPoss-108","NounPoss-108","no","#b3b3b3"
"?_NounPoss-108","NounPoss-108","?",
"UNCODED_NounPoss-108","NounPoss-108","UNCODED",
"ERROR_NounPoss-108","NounPoss-108","ERROR",
"NA_NounPoss-108a","NounPoss-108a","NA",
"default_NounPoss-108a","NounPoss-108a","default","#0071d3"
"inalienable_NounPoss-108a","NounPoss-108a","inalienable","#fbaaa7"
"default-inalienable_NounPoss-108a","NounPoss-108a","default & inalienable","#df3b35"
"mixed_NounPoss-108a","NounPoss-108a","mixed","#6d680d"
"default-mixed_NounPoss-108a","NounPoss-108a","default & mixed","#e13baf"
"inalienable-mixed_NounPoss-108a","NounPoss-108a","inalienable & mixed","#2edcff"
"default-inalienable-mixed_NounPoss-108a","NounPoss-108a","default & inalienable & mixed","#583d66"
"non-possessible_NounPoss-108a","NounPoss-108a","non-possessible","#f8901c"
"default-non-possessible_NounPoss-108a","NounPoss-108a","default & non-possessible","#c900ff"
"inalienable-non-possessible_NounPoss-108a","NounPoss-108a","inalienable & non-possessible","#e29efe"
"default-inalienable-non-possessible_NounPoss-108a","NounPoss-108a","default & inalienable & non-possessible","#22a17f"
"mixed-non-possessible_NounPoss-108a","NounPoss-108a","mixed & non-possessible","#dedfef"
"default-mixed-non-possessible_NounPoss-108a","NounPoss-108a","default & mixed & non-possessible","#16fc0d"
"inalienable-mixed-non-possessible_NounPoss-108a","NounPoss-108a","inalienable & mixed & non-possessible","#b6ee7c"
"default-inalienable-mixed-non-possessible_NounPoss-108a","NounPoss-108a","default & inalienable & mixed & non-possessible","#f1ca0d"
"?_NounPoss-108a","NounPoss-108a","?",
"UNCODED_NounPoss-108a","NounPoss-108a","UNCODED",
"ERROR_NounPoss-108a","NounPoss-108a","ERROR",
"yes_NounPoss-109","NounPoss-109","yes","#e03a3a"
"no_NounPoss-109","NounPoss-109","no","#b3b3b3"
"?_NounPoss-109","NounPoss-109","?",
"UNCODED_NounPoss-109","NounPoss-109","UNCODED",
"ERROR_NounPoss-109","NounPoss-109","ERROR",
"NA_NounPoss-109a","NounPoss-109a","NA",
"default_NounPoss-109a","NounPoss-109a","default","#2a75d7"
"inalienable_NounPoss-109a","NounPoss-109a","inalienable","#ffdad1"
"default-inalienable_NounPoss-109a","NounPoss-109a","default & inalienable","#e23b42"
"mixed_NounPoss-109a","NounPoss-109a","mixed","#5d5c00"
"default-mixed_NounPoss-109a","NounPoss-109a","default & mixed","#e73db2"
"inalienable-mixed_NounPoss-109a","NounPoss-109a","inalienable & mixed","#8e3835"
"default-inalienable-mixed_NounPoss-109a","NounPoss-109a","default & inalienable & mixed","#5d386d"
"non-possessible_NounPoss-109a","NounPoss-109a","non-possessible","#fb9016"
"default-non-possessible_NounPoss-109a","NounPoss-109a","default & non-possessible","#cb00fa"
"inalienable-non-possessible_NounPoss-109a","NounPoss-109a","inalienable & non-possessible","#b6ea6a"
"default-inalienable-non-possessible_NounPoss-109a","NounPoss-109a","default & inalienable & non-possessible","#2aa780"
"mixed-non-possessible_NounPoss-109a","NounPoss-109a","mixed & non-possessible","#f9adff"
"default-mixed-non-possessible_NounPoss-109a","NounPoss-109a","default & mixed & non-possessible","#1cfe16"
"inalienable-mixed-non-possessible_NounPoss-109a","NounPoss-109a","inalienable & mixed & non-possessible","#0dddfc"
"default-inalienable-mixed-non-possessible_NounPoss-109a","NounPoss-109a","default & inalienable & mixed & non-possessible","#f7cd22"
"?_NounPoss-109a","NounPoss-109a","?",
"UNCODED_NounPoss-109a","NounPoss-109a","UNCODED",
"ERROR_NounPoss-109a","NounPoss-109a","ERROR",
"Obligatorily-possessed_NounPoss-11","NounPoss-11","Obligatorily possessed","#e03a3a"
"Optionally-possessed_NounPoss-11","NounPoss-11","Optionally possessed","#462255"
"Non-possessible_NounPoss-11","NounPoss-11","Non-possessible","#0d6fd1"
"NA_NounPoss-11","NounPoss-11","NA",
"?_NounPoss-11","NounPoss-11","?",
"UNCODED_NounPoss-11","NounPoss-11","UNCODED",
"ERROR_NounPoss-11","NounPoss-11","ERROR",
"yes_NounPoss-110","NounPoss-110","yes","#e03a3a"
"no_NounPoss-110","NounPoss-110","no","#b3b3b3"
"?_NounPoss-110","NounPoss-110","?",
"UNCODED_NounPoss-110","NounPoss-110","UNCODED",
"ERROR_NounPoss-110","NounPoss-110","ERROR",
"NA_NounPoss-110a","NounPoss-110a","NA",
"default_NounPoss-110a","NounPoss-110a","default","#0070d1"
"inalienable_NounPoss-110a","NounPoss-110a","inalienable","#fdaba7"
"default-inalienable_NounPoss-110a","NounPoss-110a","default & inalienable","#de383b"
"mixed_NounPoss-110a","NounPoss-110a","mixed","#6e660d"
"default-mixed_NounPoss-110a","NounPoss-110a","default & mixed","#e83db2"
"inalienable-mixed_NounPoss-110a","NounPoss-110a","inalienable & mixed","#22dafb"
"default-inalienable-mixed_NounPoss-110a","NounPoss-110a","default & inalienable & mixed","#583d60"
"non-possessible_NounPoss-110a","NounPoss-110a","non-possessible","#ff9200"
"default-non-possessible_NounPoss-110a","NounPoss-110a","default & non-possessible","#c900fb"
"inalienable-non-possessible_NounPoss-110a","NounPoss-110a","inalienable & non-possessible","#baf07c"
"default-inalienable-non-possessible_NounPoss-110a","NounPoss-110a","default & inalienable & non-possessible","#26a17e"
"mixed-non-possessible_NounPoss-110a","NounPoss-110a","mixed & non-possessible","#dde2f2"
"default-mixed-non-possessible_NounPoss-110a","NounPoss-110a","default & mixed & non-possessible","#00fd00"
"inalienable-mixed-non-possessible_NounPoss-110a","NounPoss-110a","inalienable & mixed & non-possessible","#e4a1fd"
"default-inalienable-mixed-non-possessible_NounPoss-110a","NounPoss-110a","default & inalienable & mixed & non-possessible","#f0ca0d"
"?_NounPoss-110a","NounPoss-110a","?",
"UNCODED_NounPoss-110a","NounPoss-110a","UNCODED",
"ERROR_NounPoss-110a","NounPoss-110a","ERROR",
"yes_NounPoss-111","NounPoss-111","yes","#e03a3a"
"no_NounPoss-111","NounPoss-111","no","#b3b3b3"
"?_NounPoss-111","NounPoss-111","?",
"UNCODED_NounPoss-111","NounPoss-111","UNCODED",
"ERROR_NounPoss-111","NounPoss-111","ERROR",
"NA_NounPoss-111a","NounPoss-111a","NA",
"default_NounPoss-111a","NounPoss-111a","default","#0d69ce"
"inalienable_NounPoss-111a","NounPoss-111a","inalienable","#fca6a3"
"default-inalienable_NounPoss-111a","NounPoss-111a","default & inalienable","#e7453b"
"mixed_NounPoss-111a","NounPoss-111a","mixed","#e0e0eb"
"default-mixed_NounPoss-111a","NounPoss-111a","default & mixed","#e23baf"
"inalienable-mixed_NounPoss-111a","NounPoss-111a","inalienable & mixed","#22d8fb"
"default-inalienable-mixed_NounPoss-111a","NounPoss-111a","default & inalienable & mixed","#63426d"
"non-possessible_NounPoss-111a","NounPoss-111a","non-possessible","#f48c00"
"default-non-possessible_NounPoss-111a","NounPoss-111a","default & non-possessible","#cb00fd"
"inalienable-non-possessible_NounPoss-111a","NounPoss-111a","inalienable & non-possessible","#655616"
"default-inalienable-non-possessible_NounPoss-111a","NounPoss-111a","default & inalienable & non-possessible","#26a47f"
"mixed-non-possessible_NounPoss-111a","NounPoss-111a","mixed & non-possessible","#e29bff"
"default-mixed-non-possessible_NounPoss-111a","NounPoss-111a","default & mixed & non-possessible","#0dff00"
"inalienable-mixed-non-possessible_NounPoss-111a","NounPoss-111a","inalienable & mixed & non-possessible","#baf278"
"default-inalienable-mixed-non-possessible_NounPoss-111a","NounPoss-111a","default & inalienable & mixed & non-possessible","#efc70d"
"?_NounPoss-111a","NounPoss-111a","?",
"UNCODED_NounPoss-111a","NounPoss-111a","UNCODED",
"ERROR_NounPoss-111a","NounPoss-111a","ERROR",
"yes_NounPoss-112","NounPoss-112","yes","#e03a3a"
"no_NounPoss-112","NounPoss-112","no","#b3b3b3"
"?_NounPoss-112","NounPoss-112","?",
"UNCODED_NounPoss-112","NounPoss-112","UNCODED",
"ERROR_NounPoss-112","NounPoss-112","ERROR",
"NA_NounPoss-112a","NounPoss-112a","NA",
"default_NounPoss-112a","NounPoss-112a","default","#2677d8"
"inalienable_NounPoss-112a","NounPoss-112a","inalienable","#feaaa7"
"default-inalienable_NounPoss-112a","NounPoss-112a","default & inalienable","#e74040"
"mixed_NounPoss-112a","NounPoss-112a","mixed","#e89af7"
"default-mixed_NounPoss-112a","NounPoss-112a","default & mixed","#e73daf"
"inalienable-mixed_NounPoss-112a","NounPoss-112a","inalienable & mixed","#bedbff"
"default-inalienable-mixed_NounPoss-112a","NounPoss-112a","default & inalienable & mixed","#5d3b63"
"non-possessible_NounPoss-112a","NounPoss-112a","non-possessible","#e2e5ba"
"default-non-possessible_NounPoss-112a","NounPoss-112a","default & non-possessible","#d22aff"
"inalienable-non-possessible_NounPoss-112a","NounPoss-112a","inalienable & non-possessible","#685516"
"default-inalienable-non-possessible_NounPoss-112a","NounPoss-112a","default & inalienable & non-possessible","#2ea380"
"mixed-non-possessible_NounPoss-112a","NounPoss-112a","mixed & non-possessible","#f68c0d"
"default-mixed-non-possessible_NounPoss-112a","NounPoss-112a","default & mixed & non-possessible","#0dfe0d"
"inalienable-mixed-non-possessible_NounPoss-112a","NounPoss-112a","inalienable & mixed & non-possessible","#8abf1c"
"default-inalienable-mixed-non-possessible_NounPoss-112a","NounPoss-112a","default & inalienable & mixed & non-possessible","#f0c700"
"?_NounPoss-112a","NounPoss-112a","?",
"UNCODED_NounPoss-112a","NounPoss-112a","UNCODED",
"ERROR_NounPoss-112a","NounPoss-112a","ERROR",
"yes_NounPoss-113","NounPoss-113","yes","#e03a3a"
"no_NounPoss-113","NounPoss-113","no","#b3b3b3"
"?_NounPoss-113","NounPoss-113","?",
"UNCODED_NounPoss-113","NounPoss-113","UNCODED",
"ERROR_NounPoss-113","NounPoss-113","ERROR",
"NA_NounPoss-113a","NounPoss-113a","NA",
"default_NounPoss-113a","NounPoss-113a","default","#1670cf"
"inalienable_NounPoss-113a","NounPoss-113a","inalienable","#fbaca7"
"default-inalienable_NounPoss-113a","NounPoss-113a","default & inalienable","#da3538"
"mixed_NounPoss-113a","NounPoss-113a","mixed","#706800"
"default-mixed_NounPoss-113a","NounPoss-113a","default & mixed","#dc35a6"
"inalienable-mixed_NounPoss-113a","NounPoss-113a","inalienable & mixed","#baef79"
"default-inalienable-mixed_NounPoss-113a","NounPoss-113a","default & inalienable & mixed","#584063"
"non-possessible_NounPoss-113a","NounPoss-113a","non-possessible","#f38900"
"default-non-possessible_NounPoss-113a","NounPoss-113a","default & non-possessible","#d400fe"
"inalienable-non-possessible_NounPoss-113a","NounPoss-113a","inalienable & non-possessible","#e49fff"
"default-inalienable-non-possessible_NounPoss-113a","NounPoss-113a","default & inalienable & non-possessible","#2ea180"
"mixed-non-possessible_NounPoss-113a","NounPoss-113a","mixed & non-possessible","#dbe2f5"
"default-mixed-non-possessible_NounPoss-113a","NounPoss-113a","default & mixed & non-possessible","#0dff16"
"inalienable-mixed-non-possessible_NounPoss-113a","NounPoss-113a","inalienable & mixed & non-possessible","#00dcfe"
"default-inalienable-mixed-non-possessible_NounPoss-113a","NounPoss-113a","default & inalienable & mixed & non-possessible","#f8cd22"
"?_NounPoss-113a","NounPoss-113a","?",
"UNCODED_NounPoss-113a","NounPoss-113a","UNCODED",
"ERROR_NounPoss-113a","NounPoss-113a","ERROR",
"yes_NounPoss-114","NounPoss-114","yes","#e03a3a"
"no_NounPoss-114","NounPoss-114","no","#b3b3b3"
"?_NounPoss-114","NounPoss-114","?",
"UNCODED_NounPoss-114","NounPoss-114","UNCODED",
"ERROR_NounPoss-114","NounPoss-114","ERROR",
"NA_NounPoss-114a","NounPoss-114a","NA",
"default_NounPoss-114a","NounPoss-114a","default","#0d71d1"
"inalienable_NounPoss-114a","NounPoss-114a","inalienable","#f7d4ca"
"default-inalienable_NounPoss-114a","NounPoss-114a","default & inalienable","#e43d3b"
"mixed_NounPoss-114a","NounPoss-114a","mixed","#efa2ff"
"default-mixed_NounPoss-114a","NounPoss-114a","default & mixed","#e13bad"
"inalienable-mixed_NounPoss-114a","NounPoss-114a","inalienable & mixed","#893b16"
"default-inalienable-mixed_NounPoss-114a","NounPoss-114a","default & inalienable & mixed","#5d386d"
"non-possessible_NounPoss-114a","NounPoss-114a","non-possessible","#f88a0d"
"default-non-possessible_NounPoss-114a","NounPoss-114a","default & non-possessible","#c922fb"
"inalienable-non-possessible_NounPoss-114a","NounPoss-114a","inalienable & non-possessible","#bff178"
"default-inalienable-non-possessible_NounPoss-114a","NounPoss-114a","default & inalienable & non-possessible","#2aa983"
"mixed-non-possessible_NounPoss-114a","NounPoss-114a","mixed & non-possessible","#55560d"
"default-mixed-non-possessible_NounPoss-114a","NounPoss-114a","default & mixed & non-possessible","#00fd1c"
"inalienable-mixed-non-possessible_NounPoss-114a","NounPoss-114a","inalienable & mixed & non-possessible","#0ddefd"
"default-inalienable-mixed-non-possessible_NounPoss-114a","NounPoss-114a","default & inalienable & mixed & non-possessible","#f0c600"
"?_NounPoss-114a","NounPoss-114a","?",
"UNCODED_NounPoss-114a","NounPoss-114a","UNCODED",
"ERROR_NounPoss-114a","NounPoss-114a","ERROR",
"yes_NounPoss-115","NounPoss-115","yes","#e03a3a"
"no_NounPoss-115","NounPoss-115","no","#b3b3b3"
"?_NounPoss-115","NounPoss-115","?",
"UNCODED_NounPoss-115","NounPoss-115","UNCODED",
"ERROR_NounPoss-115","NounPoss-115","ERROR",
"Yes_NounPoss-12","NounPoss-12","Yes","#e03a3a"
"No_NounPoss-12","NounPoss-12","No","#0d6fd1"
"Yes-and-No_NounPoss-12","NounPoss-12","Yes and No","#462255"
"NA_NounPoss-12","NounPoss-12","NA",
"?_NounPoss-12","NounPoss-12","?",
"UNCODED_NounPoss-12","NounPoss-12","UNCODED",
"ERROR_NounPoss-12","NounPoss-12","ERROR",
"CLASS_NounPoss-13","NounPoss-13","CLASS","#0d6fd1"
"CLAUSE_NounPoss-13","NounPoss-13","CLAUSE","#e03a3a"
"MARKER_NounPoss-13","NounPoss-13","MARKER","#f0c808"
"JUXT_NounPoss-13","NounPoss-13","JUXT","#462255"
"NA_NounPoss-13","NounPoss-13","NA",
"?_NounPoss-13","NounPoss-13","?",
"UNCODED_NounPoss-13","NounPoss-13","UNCODED",
"ERROR_NounPoss-13","NounPoss-13","ERROR",
"1_NounPoss-14","NounPoss-14","1","#000080"
"2_NounPoss-14","NounPoss-14","2","#002a9c"
"3_NounPoss-14","NounPoss-14","3","#003faa"
"4_NounPoss-14","NounPoss-14","4","#0054b8"
"5_NounPoss-14","NounPoss-14","5","#006ac6"
"6_NounPoss-14","NounPoss-14","6","#007fd4"
"7_NounPoss-14","NounPoss-14","7","#0094e2"
"8_NounPoss-14","NounPoss-14","8","#00a9f0"
"9_NounPoss-14","NounPoss-14","9","#00bfff"
"10_NounPoss-14","NounPoss-14","10","#00158e"
"?_NounPoss-14","NounPoss-14","?",
"UNCODED_NounPoss-14","NounPoss-14","UNCODED",
"ERROR_NounPoss-14","NounPoss-14","ERROR",
"0_NounPoss-15","NounPoss-15","0","#000080"
"1_NounPoss-15","NounPoss-15","1","#001b92"
"2_NounPoss-15","NounPoss-15","2","#0036a4"
"3_NounPoss-15","NounPoss-15","3","#0051b6"
"4_NounPoss-15","NounPoss-15","4","#006dc8"
"5_NounPoss-15","NounPoss-15","5","#0088da"
"6_NounPoss-15","NounPoss-15","6","#00a3ec"
"7_NounPoss-15","NounPoss-15","7","#00bfff"
"?_NounPoss-15","NounPoss-15","?",
"UNCODED_NounPoss-15","NounPoss-15","UNCODED",
"ERROR_NounPoss-15","NounPoss-15","ERROR",
"0_NounPoss-16","NounPoss-16","0","#000080"
"1_NounPoss-16","NounPoss-16","1","#001f95"
"2_NounPoss-16","NounPoss-16","2","#003faa"
"3_NounPoss-16","NounPoss-16","3","#005fbf"
"4_NounPoss-16","NounPoss-16","4","#007fd4"
"5_NounPoss-16","NounPoss-16","5","#009fe9"
"6_NounPoss-16","NounPoss-16","6","#00bfff"
"?_NounPoss-16","NounPoss-16","?",
"UNCODED_NounPoss-16","NounPoss-16","UNCODED",
"ERROR_NounPoss-16","NounPoss-16","ERROR",
"0_NounPoss-17","NounPoss-17","0","#2817a6"
"1_NounPoss-17","NounPoss-17","1","#2467a5"
"2_NounPoss-17","NounPoss-17","2","#21b8a4"
"?_NounPoss-17","NounPoss-17","?",
"UNCODED_NounPoss-17","NounPoss-17","UNCODED",
"ERROR_NounPoss-17","NounPoss-17","ERROR",
"MARKER_NounPoss-201","NounPoss-201","MARKER","#0d9e7d"
"PSSR_NounPoss-201","NounPoss-201","PSSR","#4dfd0d"
"PSSD_NounPoss-201","NounPoss-201","PSSD","#e33bac"
"PSSR-PSSD_NounPoss-201","NounPoss-201","PSSR-PSSD","#cd16ff"
"JUXT_NounPoss-201","NounPoss-201","JUXT","#58456a"
"LINKER_NounPoss-201","NounPoss-201","LINKER","#eec500"
"CLASS_NounPoss-201","NounPoss-201","CLASS","#0d70d3"
"CLAUSE_NounPoss-201","NounPoss-201","CLAUSE","#e94242"
"?_NounPoss-201","NounPoss-201","?",
"UNCODED_NounPoss-201","NounPoss-201","UNCODED",
"ERROR_NounPoss-201","NounPoss-201","ERROR",
"MARKER_NounPoss-202","NounPoss-202","MARKER","#2ea37f"
"PSSR_NounPoss-202","NounPoss-202","PSSR","#26fd16"
"PSSD_NounPoss-202","NounPoss-202","PSSD","#e238ab"
"PSSR-PSSD_NounPoss-202","NounPoss-202","PSSR-PSSD","#d00dfe"
"JUXT_NounPoss-202","NounPoss-202","JUXT","#63356a"
"LINKER_NounPoss-202","NounPoss-202","LINKER","#f0c916"
"CLASS_NounPoss-202","NounPoss-202","CLASS","#266dd0"
"CLAUSE_NounPoss-202","NounPoss-202","CLAUSE","#e03d38"
"NA_NounPoss-202","NounPoss-202","NA",
"?_NounPoss-202","NounPoss-202","?",
"UNCODED_NounPoss-202","NounPoss-202","UNCODED",
"ERROR_NounPoss-202","NounPoss-202","ERROR",
"MARKER_NounPoss-203","NounPoss-203","MARKER","#16a381"
"PSSR_NounPoss-203","NounPoss-203","PSSR","#38fe0d"
"PSSD_NounPoss-203","NounPoss-203","PSSD","#df3bad"
"PSSR-PSSD_NounPoss-203","NounPoss-203","PSSR-PSSD","#cc26ff"
"JUXT_NounPoss-203","NounPoss-203","JUXT","#563d6d"
"LINKER_NounPoss-203","NounPoss-203","LINKER","#ecc600"
"CLASS_NounPoss-203","NounPoss-203","CLASS","#1670d0"
"CLAUSE_NounPoss-203","NounPoss-203","CLAUSE","#e73d47"
"NA_NounPoss-203","NounPoss-203","NA",
"?_NounPoss-203","NounPoss-203","?",
"UNCODED_NounPoss-203","NounPoss-203","UNCODED",
"ERROR_NounPoss-203","NounPoss-203","ERROR",
"yes_Ppron-001","Ppron-001","yes","#e03a3a"
"no_Ppron-001","Ppron-001","no","#b3b3b3"
"?_Ppron-001","Ppron-001","?",
"UNCODED_Ppron-001","Ppron-001","UNCODED",
"ERROR_Ppron-001","Ppron-001","ERROR",
"yes-auto_Ppron-002","Ppron-002","yes-auto",
"yes_Ppron-002","Ppron-002","yes","#e03a3a"
"no_Ppron-002","Ppron-002","no","#b3b3b3"
"?_Ppron-002","Ppron-002","?",
"UNCODED_Ppron-002","Ppron-002","UNCODED",
"ERROR_Ppron-002","Ppron-002","ERROR",
"yes_Ppron-003","Ppron-003","yes","#e03a3a"
"no_Ppron-003","Ppron-003","no","#b3b3b3"
"NA_Ppron-003","Ppron-003","NA",
"?_Ppron-003","Ppron-003","?",
"UNCODED_Ppron-003","Ppron-003","UNCODED",
"ERROR_Ppron-003","Ppron-003","ERROR",
"yes_Ppron-01","Ppron-01","yes","#e03a3a"
"no_Ppron-01","Ppron-01","no","#b3b3b3"
"NA_Ppron-01","Ppron-01","NA",
"?_Ppron-01","Ppron-01","?",
"UNCODED_Ppron-01","Ppron-01","UNCODED",
"ERROR_Ppron-01","Ppron-01","ERROR",
"yes_Ppron-01a","Ppron-01a","yes","#e03a3a"
"no_Ppron-01a","Ppron-01a","no","#b3b3b3"
"NA_Ppron-01a","Ppron-01a","NA",
"?_Ppron-01a","Ppron-01a","?",
"UNCODED_Ppron-01a","Ppron-01a","UNCODED",
"ERROR_Ppron-01a","Ppron-01a","ERROR",
"yes_Ppron-02","Ppron-02","yes","#e03a3a"
"no_Ppron-02","Ppron-02","no","#b3b3b3"
"NA_Ppron-02","Ppron-02","NA",
"?_Ppron-02","Ppron-02","?",
"UNCODED_Ppron-02","Ppron-02","UNCODED",
"ERROR_Ppron-02","Ppron-02","ERROR",
"yes_Ppron-03","Ppron-03","yes","#e03a3a"
"no_Ppron-03","Ppron-03","no","#b3b3b3"
"NA_Ppron-03","Ppron-03","NA",
"?_Ppron-03","Ppron-03","?",
"UNCODED_Ppron-03","Ppron-03","UNCODED",
"ERROR_Ppron-03","Ppron-03","ERROR",
"inclusive_Ppron-04","Ppron-04","inclusive","#e03a3a"
"exclusive_Ppron-04","Ppron-04","exclusive","#0d6fd1"
"unified-we_Ppron-04","Ppron-04","unified we","#f0c808"
"no_Ppron-04","Ppron-04","no","#462255"
"NA_Ppron-04","Ppron-04","NA",
"?_Ppron-04","Ppron-04","?",
"UNCODED_Ppron-04","Ppron-04","UNCODED",
"ERROR_Ppron-04","Ppron-04","ERROR",
"yes_Ppron-04a","Ppron-04a","yes","#e03a3a"
"no_Ppron-04a","Ppron-04a","no","#b3b3b3"
"NA_Ppron-04a","Ppron-04a","NA",
"?_Ppron-04a","Ppron-04a","?",
"UNCODED_Ppron-04a","Ppron-04a","UNCODED",
"ERROR_Ppron-04a","Ppron-04a","ERROR",
"yes_Ppron-05","Ppron-05","yes","#e03a3a"
"no_Ppron-05","Ppron-05","no","#b3b3b3"
"NA_Ppron-05","Ppron-05","NA",
"?_Ppron-05","Ppron-05","?",
"UNCODED_Ppron-05","Ppron-05","UNCODED",
"ERROR_Ppron-05","Ppron-05","ERROR",
"1excl-or-pl-is-1sg-plus-pl_Ppron-06","Ppron-06","1excl or pl is 1sg plus pl","#e03a3a"
"1excl-or-pl-includes-1sg_Ppron-06","Ppron-06","1excl or pl includes 1sg","#0d6fd1"
"no-relation_Ppron-06","Ppron-06","no relation","#462255"
"NA_Ppron-06","Ppron-06","NA",
"?_Ppron-06","Ppron-06","?",
"UNCODED_Ppron-06","Ppron-06","UNCODED",
"ERROR_Ppron-06","Ppron-06","ERROR",
"yes_Ppron-06a","Ppron-06a","yes","#e03a3a"
"no_Ppron-06a","Ppron-06a","no","#b3b3b3"
"NA_Ppron-06a","Ppron-06a","NA",
"?_Ppron-06a","Ppron-06a","?",
"UNCODED_Ppron-06a","Ppron-06a","UNCODED",
"ERROR_Ppron-06a","Ppron-06a","ERROR",
"yes_Ppron-06b","Ppron-06b","yes","#e03a3a"
"no_Ppron-06b","Ppron-06b","no","#b3b3b3"
"NA_Ppron-06b","Ppron-06b","NA",
"?_Ppron-06b","Ppron-06b","?",
"UNCODED_Ppron-06b","Ppron-06b","UNCODED",
"ERROR_Ppron-06b","Ppron-06b","ERROR",
"1incl-is-1sg-plus-pl_Ppron-07","Ppron-07","1incl is 1sg plus pl","#e03a3a"
"1incl-includes-1sg_Ppron-07","Ppron-07","1incl includes 1sg","#0d6fd1"
"no-relation_Ppron-07","Ppron-07","no relation","#462255"
"NA_Ppron-07","Ppron-07","NA",
"?_Ppron-07","Ppron-07","?",
"UNCODED_Ppron-07","Ppron-07","UNCODED",
"ERROR_Ppron-07","Ppron-07","ERROR",
"yes_Ppron-07a","Ppron-07a","yes","#e03a3a"
"no_Ppron-07a","Ppron-07a","no","#b3b3b3"
"NA_Ppron-07a","Ppron-07a","NA",
"?_Ppron-07a","Ppron-07a","?",
"UNCODED_Ppron-07a","Ppron-07a","UNCODED",
"ERROR_Ppron-07a","Ppron-07a","ERROR",
"yes_Ppron-07b","Ppron-07b","yes","#e03a3a"
"no_Ppron-07b","Ppron-07b","no","#b3b3b3"
"NA_Ppron-07b","Ppron-07b","NA",
"?_Ppron-07b","Ppron-07b","?",
"UNCODED_Ppron-07b","Ppron-07b","UNCODED",
"ERROR_Ppron-07b","Ppron-07b","ERROR",
"yes_Ppron-08","Ppron-08","yes","#e03a3a"
"no_Ppron-08","Ppron-08","no","#b3b3b3"
"NA_Ppron-08","Ppron-08","NA",
"?_Ppron-08","Ppron-08","?",
"UNCODED_Ppron-08","Ppron-08","UNCODED",
"ERROR_Ppron-08","Ppron-08","ERROR",
"yes_Ppron-08a","Ppron-08a","yes","#e03a3a"
"no_Ppron-08a","Ppron-08a","no","#b3b3b3"
"NA_Ppron-08a","Ppron-08a","NA",
"?_Ppron-08a","Ppron-08a","?",
"UNCODED_Ppron-08a","Ppron-08a","UNCODED",
"ERROR_Ppron-08a","Ppron-08a","ERROR",
"yes_Ppron-09","Ppron-09","yes","#e03a3a"
"no_Ppron-09","Ppron-09","no","#b3b3b3"
"NA_Ppron-09","Ppron-09","NA",
"?_Ppron-09","Ppron-09","?",
"UNCODED_Ppron-09","Ppron-09","UNCODED",
"ERROR_Ppron-09","Ppron-09","ERROR",
"yes_Ppron-09a","Ppron-09a","yes","#e03a3a"
"no_Ppron-09a","Ppron-09a","no","#b3b3b3"
"NA_Ppron-09a","Ppron-09a","NA",
"?_Ppron-09a","Ppron-09a","?",
"UNCODED_Ppron-09a","Ppron-09a","UNCODED",
"ERROR_Ppron-09a","Ppron-09a","ERROR",
"yes_SgPl-01","SgPl-01","yes","#e03a3a"
"no_SgPl-01","SgPl-01","no","#b3b3b3"
"?_SgPl-01","SgPl-01","?",
"UNCODED_SgPl-01","SgPl-01","UNCODED",
"ERROR_SgPl-01","SgPl-01","ERROR",
"Sg-Pl_SgPl-01a","SgPl-01a","Sg-Pl","#0d6fd1"
"irregular-MonoPl_SgPl-01a","SgPl-01a","irregular MonoPl","#462255"
"Sg-Pl-and-irregular-MonoPl_SgPl-01a","SgPl-01a","Sg-Pl and irregular MonoPl","#e03a3a"
"none_SgPl-01a","SgPl-01a","none","#f0c808"
"?_SgPl-01a","SgPl-01a","?",
"UNCODED_SgPl-01a","SgPl-01a","UNCODED",
"ERROR_SgPl-01a","SgPl-01a","ERROR",
"yes_SgPl-02","SgPl-02","yes","#e03a3a"
"no-common-pattern_SgPl-02","SgPl-02","no common pattern","#0d6fd1"
"NA_SgPl-02","SgPl-02","NA",
"?_SgPl-02","SgPl-02","?",
"UNCODED_SgPl-02","SgPl-02","UNCODED",
"ERROR_SgPl-02","SgPl-02","ERROR",
"NA_SgPl-03","SgPl-03","NA",
"2_SgPl-03","SgPl-03","2","#004cb2"
"3_SgPl-03","SgPl-03","3","#007fd4"
"4_SgPl-03","SgPl-03","4","#0098e5"
"5_SgPl-03","SgPl-03","5","#00a5ee"
"6_SgPl-03","SgPl-03","6","#00b2f6"
"9_SgPl-03","SgPl-03","9","#00bfff"
"12_SgPl-03","SgPl-03","12","#001990"
"13_SgPl-03","SgPl-03","13","#002699"
"15_SgPl-03","SgPl-03","15","#0032a1"
"19_SgPl-03","SgPl-03","19","#003faa"
"20_SgPl-03","SgPl-03","20","#0059bb"
"25_SgPl-03","SgPl-03","25","#0065c3"
"27_SgPl-03","SgPl-03","27","#0072cc"
"30_SgPl-03","SgPl-03","30","#008cdd"
"101_SgPl-03","SgPl-03","101","#000080"
"118_SgPl-03","SgPl-03","118","#000c88"
"?_SgPl-03","SgPl-03","?",
"UNCODED_SgPl-03","SgPl-03","UNCODED",
"ERROR_SgPl-03","SgPl-03","ERROR",
"yes_SgPl-04","SgPl-04","yes","#e03a3a"
"no_SgPl-04","SgPl-04","no","#b3b3b3"
"NA_SgPl-04","SgPl-04","NA",
"?_SgPl-04","SgPl-04","?",
"UNCODED_SgPl-04","SgPl-04","UNCODED",
"ERROR_SgPl-04","SgPl-04","ERROR",
"NA_SgPl-05","SgPl-05","NA",
"1_SgPl-05","SgPl-05","1","#000080"
"2_SgPl-05","SgPl-05","2","#0054b7"
"3_SgPl-05","SgPl-05","3","#007ad1"
"4_SgPl-05","SgPl-05","4","#0089db"
"5_SgPl-05","SgPl-05","5","#0098e5"
"6_SgPl-05","SgPl-05","6","#00a0ea"
"7_SgPl-05","SgPl-05","7","#00aff4"
"8_SgPl-05","SgPl-05","8","#00b7f9"
"9_SgPl-05","SgPl-05","9","#00bfff"
"10_SgPl-05","SgPl-05","10","#000785"
"11_SgPl-05","SgPl-05","11","#000f8a"
"12_SgPl-05","SgPl-05","12","#00168f"
"13_SgPl-05","SgPl-05","13","#001e94"
"14_SgPl-05","SgPl-05","14","#002699"
"15_SgPl-05","SgPl-05","15","#002d9e"
"16_SgPl-05","SgPl-05","16","#0035a3"
"17_SgPl-05","SgPl-05","17","#003da8"
"18_SgPl-05","SgPl-05","18","#0044ad"
"19_SgPl-05","SgPl-05","19","#004cb2"
"21_SgPl-05","SgPl-05","21","#005bbc"
"22_SgPl-05","SgPl-05","22","#0063c2"
"26_SgPl-05","SgPl-05","26","#006ac7"
"29_SgPl-05","SgPl-05","29","#0072cc"
"34_SgPl-05","SgPl-05","34","#0081d6"
"46_SgPl-05","SgPl-05","46","#0091e0"
"61_SgPl-05","SgPl-05","61","#00a8ef"
"?_SgPl-05","SgPl-05","?",
"UNCODED_SgPl-05","SgPl-05","UNCODED",
"ERROR_SgPl-05","SgPl-05","ERROR",
"yes_SgPl-06","SgPl-06","yes","#e03a3a"
"no_SgPl-06","SgPl-06","no","#b3b3b3"
"NA_SgPl-06","SgPl-06","NA",
"?_SgPl-06","SgPl-06","?",
"UNCODED_SgPl-06","SgPl-06","UNCODED",
"ERROR_SgPl-06","SgPl-06","ERROR",
"intransitive_SgPl-07","SgPl-07","intransitive","#e03a3a"
"transitive_SgPl-07","SgPl-07","transitive","#462255"
"both_SgPl-07","SgPl-07","both","#0d6fd1"
"NA_SgPl-07","SgPl-07","NA",
"?_SgPl-07","SgPl-07","?",
"UNCODED_SgPl-07","SgPl-07","UNCODED",
"ERROR_SgPl-07","SgPl-07","ERROR",
"yes_SgPl-08","SgPl-08","yes","#e03a3a"
"no_SgPl-08","SgPl-08","no","#b3b3b3"
"NA_SgPl-08","SgPl-08","NA",
"?_SgPl-08","SgPl-08","?",
"UNCODED_SgPl-08","SgPl-08","UNCODED",
"ERROR_SgPl-08","SgPl-08","ERROR",
"NA_SgPl-09","SgPl-09","NA",
"0_SgPl-09","SgPl-09","0","#000080"
"1_SgPl-09","SgPl-09","1","#001b92"
"2_SgPl-09","SgPl-09","2","#0036a4"
"3_SgPl-09","SgPl-09","3","#0051b6"
"4_SgPl-09","SgPl-09","4","#006dc8"
"5_SgPl-09","SgPl-09","5","#0088da"
"6_SgPl-09","SgPl-09","6","#00a3ec"
"7_SgPl-09","SgPl-09","7","#00bfff"
"?_SgPl-09","SgPl-09","?",
"UNCODED_SgPl-09","SgPl-09","UNCODED",
"ERROR_SgPl-09","SgPl-09","ERROR",
"yes_SgPl-10","SgPl-10","yes","#e03a3a"
"no_SgPl-10","SgPl-10","no","#b3b3b3"
"NA_SgPl-10","SgPl-10","NA",
"?_SgPl-10","SgPl-10","?",
"UNCODED_SgPl-10","SgPl-10","UNCODED",
"ERROR_SgPl-10","SgPl-10","ERROR",
"NA_SgPl-11","SgPl-11","NA",
"0_SgPl-11","SgPl-11","0","#000080"
"1_SgPl-11","SgPl-11","1","#000d89"
"2_SgPl-11","SgPl-11","2","#0051b6"
"3_SgPl-11","SgPl-11","3","#006dc8"
"4_SgPl-11","SgPl-11","4","#007ad1"
"5_SgPl-11","SgPl-11","5","#0088da"
"6_SgPl-11","SgPl-11","6","#0096e3"
"7_SgPl-11","SgPl-11","7","#00a3ec"
"8_SgPl-11","SgPl-11","8","#00b1f5"
"9_SgPl-11","SgPl-11","9","#00bfff"
"10_SgPl-11","SgPl-11","10","#001b92"
"11_SgPl-11","SgPl-11","11","#00289b"
"15_SgPl-11","SgPl-11","15","#0036a4"
"19_SgPl-11","SgPl-11","19","#0044ad"
"22_SgPl-11","SgPl-11","22","#005fbf"
"?_SgPl-11","SgPl-11","?",
"UNCODED_SgPl-11","SgPl-11","UNCODED",
"ERROR_SgPl-11","SgPl-11","ERROR",
"description_SgPl-12","SgPl-12","description","#0d6fd1"
"none_SgPl-12","SgPl-12","none","#e03a3a"
"NA_SgPl-12","SgPl-12","NA",
"?_SgPl-12","SgPl-12","?",
"UNCODED_SgPl-12","SgPl-12","UNCODED",
"ERROR_SgPl-12","SgPl-12","ERROR",
"NA_SgPl-13","SgPl-13","NA",
"0_SgPl-13","SgPl-13","0","#000080"
"1_SgPl-13","SgPl-13","1","#002699"
"2_SgPl-13","SgPl-13","2","#004cb2"
"3_SgPl-13","SgPl-13","3","#0072cc"
"4_SgPl-13","SgPl-13","4","#0098e5"
"5_SgPl-13","SgPl-13","5","#00bfff"
"?_SgPl-13","SgPl-13","?",
"UNCODED_SgPl-13","SgPl-13","UNCODED",
"ERROR_SgPl-13","SgPl-13","ERROR",
"NA_SgPl-14","SgPl-14","NA",
"0_SgPl-14","SgPl-14","0","#000080"
"1_SgPl-14","SgPl-14","1","#00118b"
"2_SgPl-14","SgPl-14","2","#0045ae"
"3_SgPl-14","SgPl-14","3","#0056b9"
"4_SgPl-14","SgPl-14","4","#0079d0"
"5_SgPl-14","SgPl-14","5","#008adc"
"6_SgPl-14","SgPl-14","6","#009ce7"
"7_SgPl-14","SgPl-14","7","#00adf3"
"8_SgPl-14","SgPl-14","8","#00bfff"
"10_SgPl-14","SgPl-14","10","#002297"
"18_SgPl-14","SgPl-14","18","#0034a2"
"37_SgPl-14","SgPl-14","37","#0068c5"
"?_SgPl-14","SgPl-14","?",
"UNCODED_SgPl-14","SgPl-14","UNCODED",
"ERROR_SgPl-14","SgPl-14","ERROR",
"NA_SgPl-15","SgPl-15","NA",
"yes_SgPl-15","SgPl-15","yes","#e03a3a"
"no_SgPl-15","SgPl-15","no","#b3b3b3"
"?_SgPl-15","SgPl-15","?",
"UNCODED_SgPl-15","SgPl-15","UNCODED",
"ERROR_SgPl-15","SgPl-15","ERROR",
"unaccusative_SgPl-16","SgPl-16","unaccusative","#e03a3a"
"unergative_SgPl-16","SgPl-16","unergative","#462255"
"both_SgPl-16","SgPl-16","both","#0d6fd1"
"NA_SgPl-16","SgPl-16","NA",
"?_SgPl-16","SgPl-16","?",
"UNCODED_SgPl-16","SgPl-16","UNCODED",
"ERROR_SgPl-16","SgPl-16","ERROR",
"yes_SgPl-16a","SgPl-16a","yes","#e03a3a"
"no_SgPl-16a","SgPl-16a","no","#b3b3b3"
"NA_SgPl-16a","SgPl-16a","NA",
"?_SgPl-16a","SgPl-16a","?",
"UNCODED_SgPl-16a","SgPl-16a","UNCODED",
"ERROR_SgPl-16a","SgPl-16a","ERROR",
"yes_SgPl-16b","SgPl-16b","yes","#e03a3a"
"no_SgPl-16b","SgPl-16b","no","#b3b3b3"
"NA_SgPl-16b","SgPl-16b","NA",
"?_SgPl-16b","SgPl-16b","?",
"UNCODED_SgPl-16b","SgPl-16b","UNCODED",
"ERROR_SgPl-16b","SgPl-16b","ERROR",
"yes_SgPl-17","SgPl-17","yes","#e03a3a"
"no_SgPl-17","SgPl-17","no","#b3b3b3"
"NA_SgPl-17","SgPl-17","NA",
"?_SgPl-17","SgPl-17","?",
"UNCODED_SgPl-17","SgPl-17","UNCODED",
"ERROR_SgPl-17","SgPl-17","ERROR",
"a_SgPl-18","SgPl-18","a","#0d6fd1"
"p_SgPl-18","SgPl-18","p","#f0c808"
"either_SgPl-18","SgPl-18","either","#462255"
"both_SgPl-18","SgPl-18","both","#e03a3a"
"NA_SgPl-18","SgPl-18","NA",
"?_SgPl-18","SgPl-18","?",
"UNCODED_SgPl-18","SgPl-18","UNCODED",
"ERROR_SgPl-18","SgPl-18","ERROR",
"NA_SgPl-19","SgPl-19","NA",
"sg-pl_SgPl-19","SgPl-19","sg-pl","#1fa380"
"paucal-many_SgPl-19","SgPl-19","paucal-many","#e03a3a"
"individual-collective_SgPl-19","SgPl-19","individual-collective","#0d6fd1"
"sg-du-pl_SgPl-19","SgPl-19","sg-du-pl","#462255"
"sg-paucal-pl_SgPl-19","SgPl-19","sg-paucal-pl","#f0c808"
"?_SgPl-19","SgPl-19","?",
"UNCODED_SgPl-19","SgPl-19","UNCODED",
"ERROR_SgPl-19","SgPl-19","ERROR",
"yes_SgPl-19a","SgPl-19a","yes","#e03a3a"
"no_SgPl-19a","SgPl-19a","no","#b3b3b3"
"NA_SgPl-19a","SgPl-19a","NA",
"?_SgPl-19a","SgPl-19a","?",
"UNCODED_SgPl-19a","SgPl-19a","UNCODED",
"ERROR_SgPl-19a","SgPl-19a","ERROR",
"yes_SgPl-20","SgPl-20","yes","#e03a3a"
"no_SgPl-20","SgPl-20","no","#b3b3b3"
"?_SgPl-20","SgPl-20","?",
"UNCODED_SgPl-20","SgPl-20","UNCODED",
"ERROR_SgPl-20","SgPl-20","ERROR",
"yes_SgPl-21","SgPl-21","yes","#e03a3a"
"no_SgPl-21","SgPl-21","no","#b3b3b3"
"NA_SgPl-21","SgPl-21","NA",
"?_SgPl-21","SgPl-21","?",
"UNCODED_SgPl-21","SgPl-21","UNCODED",
"ERROR_SgPl-21","SgPl-21","ERROR",
"yes_SgPl-22","SgPl-22","yes",
"property-concept-verbs_SgPl-22","SgPl-22","property concept verbs","#e03a3a"
"no_SgPl-22","SgPl-22","no","#b3b3b3"
"NA_SgPl-22","SgPl-22","NA",
"?_SgPl-22","SgPl-22","?",
"UNCODED_SgPl-22","SgPl-22","UNCODED",
"ERROR_SgPl-22","SgPl-22","ERROR",
"no_SocCaus-01","SocCaus-01","no","#b3b3b3"
"yes_SocCaus-01","SocCaus-01","yes","#e03a3a"
"?_SocCaus-01","SocCaus-01","?",
"UNCODED_SocCaus-01","SocCaus-01","UNCODED",
"ERROR_SocCaus-01","SocCaus-01","ERROR",
"NA_SocCaus-02","SocCaus-02","NA",
"morpheme_SocCaus-02","SocCaus-02","morpheme","#1fa380"
"special-causee_SocCaus-02","SocCaus-02","special causee","#e33bae"
"dir-and-indir-caus_SocCaus-02","SocCaus-02","dir-and-indir-caus","#f0c808"
"caus-and-appl_SocCaus-02","SocCaus-02","caus-and-appl","#0d6fd1"
"caus-and-soc_SocCaus-02","SocCaus-02","caus-and-soc","#462255"
"caus-and-other_SocCaus-02","SocCaus-02","caus-and-other","#e03a3a"
"?_SocCaus-02","SocCaus-02","?",
"UNCODED_SocCaus-02","SocCaus-02","UNCODED",
"ERROR_SocCaus-02","SocCaus-02","ERROR",
"description_SocCaus-03","SocCaus-03","description","#0d6fd1"
"NA_SocCaus-03","SocCaus-03","NA",
"?_SocCaus-03","SocCaus-03","?",
"UNCODED_SocCaus-03","SocCaus-03","UNCODED",
"ERROR_SocCaus-03","SocCaus-03","ERROR",
"_SocCaus-04","SocCaus-04","","#166ed4"
"dir-caus_soc-caus_SocCaus-04","SocCaus-04","dir-caus_soc-caus","#ebc50d"
"indir-caus_soc-caus_SocCaus-04","SocCaus-04","indir-caus_soc-caus","#32a480"
"rec_soc-caus_SocCaus-04","SocCaus-04","rec_soc-caus","#0df900"
"appl_soc-caus_SocCaus-04","SocCaus-04","appl_soc-caus","#e63d42"
"copart_soc-caus_SocCaus-04","SocCaus-04","copart_soc-caus","#514066"
"other_SocCaus-04","SocCaus-04","other","#e642b1"
"?_SocCaus-04","SocCaus-04","?",
"UNCODED_SocCaus-04","SocCaus-04","UNCODED",
"ERROR_SocCaus-04","SocCaus-04","ERROR",
"1_Syll-01","Syll-01","1","#000080"
"2_Syll-01","Syll-01","2","#001f95"
"3_Syll-01","Syll-01","3","#003faa"
"4_Syll-01","Syll-01","4","#005fbf"
"5_Syll-01","Syll-01","5","#007fd4"
"7_Syll-01","Syll-01","7","#009fe9"
"8_Syll-01","Syll-01","8","#00bfff"
"?_Syll-01","Syll-01","?",
"UNCODED_Syll-01","Syll-01","UNCODED",
"ERROR_Syll-01","Syll-01","ERROR",
"0_Syll-02","Syll-02","0","#000080"
"1_Syll-02","Syll-02","1","#002699"
"2_Syll-02","Syll-02","2","#004cb2"
"3_Syll-02","Syll-02","3","#0072cc"
"4_Syll-02","Syll-02","4","#0098e5"
"5_Syll-02","Syll-02","5","#00bfff"
"?_Syll-02","Syll-02","?",
"UNCODED_Syll-02","Syll-02","UNCODED",
"ERROR_Syll-02","Syll-02","ERROR",
"1_Syll-03","Syll-03","1","#000080"
"2_Syll-03","Syll-03","2","#0045ae"
"3_Syll-03","Syll-03","3","#0056b9"
"4_Syll-03","Syll-03","4","#0068c5"
"5_Syll-03","Syll-03","5","#0079d0"
"6_Syll-03","Syll-03","6","#008adc"
"7_Syll-03","Syll-03","7","#009ce7"
"8_Syll-03","Syll-03","8","#00adf3"
"9_Syll-03","Syll-03","9","#00bfff"
"10_Syll-03","Syll-03","10","#00118b"
"12_Syll-03","Syll-03","12","#002297"
"13_Syll-03","Syll-03","13","#0034a2"
"?_Syll-03","Syll-03","?",
"UNCODED_Syll-03","Syll-03","UNCODED",
"ERROR_Syll-03","Syll-03","ERROR",
"s_Syll-04","Syll-04","s","#f0c808"
"mc_Syll-04","Syll-04","mc","#462255"
"c_Syll-04","Syll-04","c","#0d6fd1"
"hc_Syll-04","Syll-04","hc","#e03a3a"
"?_Syll-04","Syll-04","?",
"UNCODED_Syll-04","Syll-04","UNCODED",
"ERROR_Syll-04","Syll-04","ERROR",
"c_Syll-05","Syll-05","c","#0d6fd1"
"cg_Syll-05","Syll-05","cg","#462255"
"ccplus_Syll-05","Syll-05","ccplus","#e03a3a"
"?_Syll-05","Syll-05","?",
"UNCODED_Syll-05","Syll-05","UNCODED",
"ERROR_Syll-05","Syll-05","ERROR",
"nocoda_Syll-06","Syll-06","nocoda","#e03a3a"
"sonorant_Syll-06","Syll-06","sonorant","#f0c808"
"simple_Syll-06","Syll-06","simple","#462255"
"complex_Syll-06","Syll-06","complex","#0d6fd1"
"?_Syll-06","Syll-06","?",
"UNCODED_Syll-06","Syll-06","UNCODED",
"ERROR_Syll-06","Syll-06","ERROR",
"yes_ToneProm-01","ToneProm-01","yes","#e03a3a"
"no_ToneProm-01","ToneProm-01","no","#b3b3b3"
"?_ToneProm-01","ToneProm-01","?",
"UNCODED_ToneProm-01","ToneProm-01","UNCODED",
"ERROR_ToneProm-01","ToneProm-01","ERROR",
"contrastive_ToneProm-01a","ToneProm-01a","contrastive","#0d6fd1"
"non-contrastive_ToneProm-01a","ToneProm-01a","non-contrastive","#e03a3a"
"NA_ToneProm-01a","ToneProm-01a","NA",
"?_ToneProm-01a","ToneProm-01a","?",
"UNCODED_ToneProm-01a","ToneProm-01a","UNCODED",
"ERROR_ToneProm-01a","ToneProm-01a","ERROR",
"NA_ToneProm-02","ToneProm-02","NA",
"amplitude_ToneProm-02","ToneProm-02","amplitude","#006ecf"
"duration_ToneProm-02","ToneProm-02","duration","#0da27d"
"amplitude-duration_ToneProm-02","ToneProm-02","amplitude & duration","#e23d3d"
"pitch_ToneProm-02","ToneProm-02","pitch","#32fd00"
"amplitude-pitch_ToneProm-02","ToneProm-02","amplitude & pitch","#efc70d"
"duration-pitch_ToneProm-02","ToneProm-02","duration & pitch","#e03baf"
"amplitude-duration-pitch_ToneProm-02","ToneProm-02","amplitude & duration & pitch","#5d3d69"
"?_ToneProm-02","ToneProm-02","?",
"UNCODED_ToneProm-02","ToneProm-02","UNCODED",
"ERROR_ToneProm-02","ToneProm-02","ERROR",
"amplitude_ToneProm-02a","ToneProm-02a","amplitude","#0d6fd1"
"pitch_ToneProm-02a","ToneProm-02a","pitch","#462255"
"duration_ToneProm-02a","ToneProm-02a","duration","#e03a3a"
"NA_ToneProm-02a","ToneProm-02a","NA",
"?_ToneProm-02a","ToneProm-02a","?",
"UNCODED_ToneProm-02a","ToneProm-02a","UNCODED",
"ERROR_ToneProm-02a","ToneProm-02a","ERROR",
"yes_ToneProm-03","ToneProm-03","yes","#e03a3a"
"no_ToneProm-03","ToneProm-03","no","#b3b3b3"
"NA_ToneProm-03","ToneProm-03","NA",
"?_ToneProm-03","ToneProm-03","?",
"UNCODED_ToneProm-03","ToneProm-03","UNCODED",
"ERROR_ToneProm-03","ToneProm-03","ERROR",
"contrastive_ToneProm-04","ToneProm-04","contrastive","#0d6fd1"
"non-contrastive_ToneProm-04","ToneProm-04","non-contrastive","#e03a3a"
"NA_ToneProm-04","ToneProm-04","NA",
"?_ToneProm-04","ToneProm-04","?",
"UNCODED_ToneProm-04","ToneProm-04","UNCODED",
"ERROR_ToneProm-04","ToneProm-04","ERROR",
"yes_ToneProm-05","ToneProm-05","yes","#e03a3a"
"no_ToneProm-05","ToneProm-05","no","#b3b3b3"
"NA_ToneProm-05","ToneProm-05","NA",
"?_ToneProm-05","ToneProm-05","?",
"UNCODED_ToneProm-05","ToneProm-05","UNCODED",
"ERROR_ToneProm-05","ToneProm-05","ERROR",
"contrastive_ToneProm-06","ToneProm-06","contrastive","#0d6fd1"
"non-contrastive_ToneProm-06","ToneProm-06","non-contrastive","#e03a3a"
"NA_ToneProm-06","ToneProm-06","NA",
"?_ToneProm-06","ToneProm-06","?",
"UNCODED_ToneProm-06","ToneProm-06","UNCODED",
"ERROR_ToneProm-06","ToneProm-06","ERROR",
"yes_ToneProm-07","ToneProm-07","yes","#e03a3a"
"no_ToneProm-07","ToneProm-07","no","#b3b3b3"
"NA_ToneProm-07","ToneProm-07","NA",
"?_ToneProm-07","ToneProm-07","?",
"UNCODED_ToneProm-07","ToneProm-07","UNCODED",
"ERROR_ToneProm-07","ToneProm-07","ERROR",
"contrastive_ToneProm-08","ToneProm-08","contrastive","#0d6fd1"
"non-contrastive_ToneProm-08","ToneProm-08","non-contrastive","#e03a3a"
"NA_ToneProm-08","ToneProm-08","NA",
"?_ToneProm-08","ToneProm-08","?",
"UNCODED_ToneProm-08","ToneProm-08","UNCODED",
"ERROR_ToneProm-08","ToneProm-08","ERROR",
"yes_ToneProm-09","ToneProm-09","yes","#e03a3a"
"no_ToneProm-09","ToneProm-09","no","#b3b3b3"
"?_ToneProm-09","ToneProm-09","?",
"UNCODED_ToneProm-09","ToneProm-09","UNCODED",
"ERROR_ToneProm-09","ToneProm-09","ERROR",
"yes_ToneProm-09a","ToneProm-09a","yes","#e03a3a"
"no_ToneProm-09a","ToneProm-09a","no","#b3b3b3"
"?_ToneProm-09a","ToneProm-09a","?",
"UNCODED_ToneProm-09a","ToneProm-09a","UNCODED",
"ERROR_ToneProm-09a","ToneProm-09a","ERROR",
"yes_ToneProm-09b","ToneProm-09b","yes","#e03a3a"
"no_ToneProm-09b","ToneProm-09b","no","#b3b3b3"
"?_ToneProm-09b","ToneProm-09b","?",
"UNCODED_ToneProm-09b","ToneProm-09b","UNCODED",
"ERROR_ToneProm-09b","ToneProm-09b","ERROR",
"lexical_ToneProm-10","ToneProm-10","lexical","#462255"
"grammatical_ToneProm-10","ToneProm-10","grammatical","#e03a3a"
"both_ToneProm-10","ToneProm-10","both","#0d6fd1"
"NA_ToneProm-10","ToneProm-10","NA",
"?_ToneProm-10","ToneProm-10","?",
"UNCODED_ToneProm-10","ToneProm-10","UNCODED",
"ERROR_ToneProm-10","ToneProm-10","ERROR",
"2_ToneProm-11","ToneProm-11","2","#000080"
"3_ToneProm-11","ToneProm-11","3","#002f9f"
"4_ToneProm-11","ToneProm-11","4","#005fbf"
"6_ToneProm-11","ToneProm-11","6","#008fdf"
"8_ToneProm-11","ToneProm-11","8","#00bfff"
"NA_ToneProm-11","ToneProm-11","NA",
"?_ToneProm-11","ToneProm-11","?",
"UNCODED_ToneProm-11","ToneProm-11","UNCODED",
"ERROR_ToneProm-11","ToneProm-11","ERROR",
"2_ToneProm-11a","ToneProm-11a","2","#0d6fd1"
"more-than-2_ToneProm-11a","ToneProm-11a","more than 2","#e03a3a"
"NA_ToneProm-11a","ToneProm-11a","NA",
"?_ToneProm-11a","ToneProm-11a","?",
"UNCODED_ToneProm-11a","ToneProm-11a","UNCODED",
"ERROR_ToneProm-11a","ToneProm-11a","ERROR",
"up-to-3_ToneProm-11b","ToneProm-11b","up to 3","#e03a3a"
"more-than-3_ToneProm-11b","ToneProm-11b","more than 3","#0d6fd1"
"NA_ToneProm-11b","ToneProm-11b","NA",
"?_ToneProm-11b","ToneProm-11b","?",
"UNCODED_ToneProm-11b","ToneProm-11b","UNCODED",
"ERROR_ToneProm-11b","ToneProm-11b","ERROR",
"up-to-4_ToneProm-11c","ToneProm-11c","up to 4","#e03a3a"
"more-than-4_ToneProm-11c","ToneProm-11c","more than 4","#0d6fd1"
"NA_ToneProm-11c","ToneProm-11c","NA",
"?_ToneProm-11c","ToneProm-11c","?",
"UNCODED_ToneProm-11c","ToneProm-11c","UNCODED",
"ERROR_ToneProm-11c","ToneProm-11c","ERROR",
"yes_ToneProm-12","ToneProm-12","yes","#e03a3a"
"no_ToneProm-12","ToneProm-12","no","#b3b3b3"
"NA_ToneProm-12","ToneProm-12","NA",
"?_ToneProm-12","ToneProm-12","?",
"UNCODED_ToneProm-12","ToneProm-12","UNCODED",
"ERROR_ToneProm-12","ToneProm-12","ERROR",
"yes_VelUv-01","VelUv-01","yes","#e03a3a"
"no_VelUv-01","VelUv-01","no","#b3b3b3"
"?_VelUv-01","VelUv-01","?",
"UNCODED_VelUv-01","VelUv-01","UNCODED",
"ERROR_VelUv-01","VelUv-01","ERROR",
"yes_VelUv-01a","VelUv-01a","yes","#e03a3a"
"no_VelUv-01a","VelUv-01a","no","#b3b3b3"
"?_VelUv-01a","VelUv-01a","?",
"UNCODED_VelUv-01a","VelUv-01a","UNCODED",
"ERROR_VelUv-01a","VelUv-01a","ERROR",
"yes_VelUv-02","VelUv-02","yes","#e03a3a"
"no_VelUv-02","VelUv-02","no","#b3b3b3"
"?_VelUv-02","VelUv-02","?",
"UNCODED_VelUv-02","VelUv-02","UNCODED",
"ERROR_VelUv-02","VelUv-02","ERROR",
"yes_VelUv-02a","VelUv-02a","yes","#e03a3a"
"no_VelUv-02a","VelUv-02a","no","#b3b3b3"
"NA_VelUv-02a","VelUv-02a","NA",
"?_VelUv-02a","VelUv-02a","?",
"UNCODED_VelUv-02a","VelUv-02a","UNCODED",
"ERROR_VelUv-02a","VelUv-02a","ERROR",
"no-dominant-order_WO-01","WO-01","no dominant order","#0069cd"
"svo_WO-01","WO-01","svo","#2afa00"
"sov_WO-01","WO-01","sov","#e338ae"
"vso_WO-01","WO-01","vso","#6d6900"
"ovs_WO-01","WO-01","ovs","#f3cc0d"
"osv_WO-01","WO-01","osv","#e23d40"
"vos_WO-01","WO-01","vos","#b2d6fe"
"v-first_WO-01","WO-01","v-first","#ce16fe"
"v-last_WO-01","WO-01","v-last","#f7a49d"
"s-last_WO-01","WO-01","s-last","#16a280"
"other_WO-01","WO-01","other","#5f3b65"
"?_WO-01","WO-01","?",
"UNCODED_WO-01","WO-01","UNCODED",
"ERROR_WO-01","WO-01","ERROR",
"yes_WO-01a","WO-01a","yes","#e03a3a"
"no_WO-01a","WO-01a","no","#b3b3b3"
"?_WO-01a","WO-01a","?",
"UNCODED_WO-01a","WO-01a","UNCODED",
"ERROR_WO-01a","WO-01a","ERROR",
"NA_WO-01b","WO-01b","NA",
"S>V_WO-01b","WO-01b","S>V","#0d6fd1"
"V>S_WO-01b","WO-01b","V>S","#e03a3a"
"?_WO-01b","WO-01b","?",
"UNCODED_WO-01b","WO-01b","UNCODED",
"ERROR_WO-01b","WO-01b","ERROR",
"NA_WO-01c","WO-01c","NA",
"S>O_WO-01c","WO-01c","S>O","#e03a3a"
"O>S_WO-01c","WO-01c","O>S","#0d6fd1"
"?_WO-01c","WO-01c","?",
"UNCODED_WO-01c","WO-01c","UNCODED",
"ERROR_WO-01c","WO-01c","ERROR",
"NA_WO-01d","WO-01d","NA",
"V>O_WO-01d","WO-01d","V>O","#e03a3a"
"O>V_WO-01d","WO-01d","O>V","#0d6fd1"
"?_WO-01d","WO-01d","?",
"UNCODED_WO-01d","WO-01d","UNCODED",
"ERROR_WO-01d","WO-01d","ERROR",
"no-dominant-order_WO-01e","WO-01e","no dominant order","#0d6fd1"
"s-first_WO-01e","WO-01e","s-first","#462255"
"v-first_WO-01e","WO-01e","v-first","#f0c808"
"o-first_WO-01e","WO-01e","o-first","#e03a3a"
"?_WO-01e","WO-01e","?",
"UNCODED_WO-01e","WO-01e","UNCODED",
"ERROR_WO-01e","WO-01e","ERROR",
"NA_WO-01f","WO-01f","NA",
"svo_WO-01f","WO-01f","svo","#e03a3a"
"sov_WO-01f","WO-01f","sov","#0d6fd1"
"?_WO-01f","WO-01f","?",
"UNCODED_WO-01f","WO-01f","UNCODED",
"ERROR_WO-01f","WO-01f","ERROR",
"NA_WO-01g","WO-01g","NA",
"vso_WO-01g","WO-01g","vso","#e03a3a"
"vos_WO-01g","WO-01g","vos","#0d6fd1"
"?_WO-01g","WO-01g","?",
"UNCODED_WO-01g","WO-01g","UNCODED",
"ERROR_WO-01g","WO-01g","ERROR",
"NA_WO-01h","WO-01h","NA",
"ovs_WO-01h","WO-01h","ovs","#e03a3a"
"osv_WO-01h","WO-01h","osv","#0d6fd1"
"?_WO-01h","WO-01h","?",
"UNCODED_WO-01h","WO-01h","UNCODED",
"ERROR_WO-01h","WO-01h","ERROR",
"attr-n_WO-02","WO-02","attr-n","#0d6fd1"
"n-attr_WO-02","WO-02","n-attr","#e03a3a"
"no-dominant-order_WO-02","WO-02","no dominant order","#462255"
"NA_WO-02","WO-02","NA",
"?_WO-02","WO-02","?",
"UNCODED_WO-02","WO-02","UNCODED",
"ERROR_WO-02","WO-02","ERROR",
"pssr-pssd_WO-03","WO-03","pssr-pssd","#462255"
"pssd-pssr_WO-03","WO-03","pssd-pssr","#e03a3a"
"no-dominant-order_WO-03","WO-03","no dominant order","#0d6fd1"
"NA_WO-03","WO-03","NA",
"?_WO-03","WO-03","?",
"UNCODED_WO-03","WO-03","UNCODED",
"ERROR_WO-03","WO-03","ERROR",